Workbook
Name AMS: Mapping!$N$4:$N$13
Name MYS_Fractioned: Input_MYS_Adj!$A$1:$AB$33

Sheet Comparison
A1: Country | B1: Indonesia | H1: Notes:
A2: Variable | B2: Existing Capacity | H2: Vietnam data is not fixed yet
A3: N Technology | B3: {=_xlfn.LET(_xlpm.val,_xlfn._xlws.FILTER(_xlfn.HSTACK(leap[Branch Path],leap[[2005]:[2024]]),(leap[Region]=B1)*(leap[Variable]=B2)),ROWS(_xlfn._xlws.FILTER(_xlfn.TAKE(_xlpm.val,,1),_xlfn.BYROW(_xlfn.DROP(_xlpm.val,,1),_xleta.SUM)>0)))} -> 14
A5: Data | H5: Comparison
B6: LEAP | D6: EBT | I6: LEAP | K6: EBT
A7: Year | B7: Fuel | C7: Value | D7: Fuel | E7: Value | F7: ∆ | H7: Year | I7: Fuel | J7: Value | K7: Fuel | L7: Value
A8: {=_xlfn.CEILING.MATH(_xlfn.SEQUENCE(B3*(2024-2005+1))/B3,1)-1+2005} -> 2005 | B8: {=_xlfn.LET(_xlpm.country,B1, _xlpm.len,_xlfn.TOCOL((2024-2005+1)*B3), _xlpm.val,_xlfn._xlws.FILTER(_xlfn.HSTACK(leap[Branch Path],leap[[2005]:[2024]]),(leap[Region]=B1)*(leap[Variable]=B2)), _xlpm.fval,_xlfn._xlws.FILTER(_xlpm.val,_xlfn.BYROW(_xlfn.DROP(_xlpm.val,,1),_xleta.SUM)>0), _xlpm.fuel,_xlfn.TEXTAFTER(_xlfn.TAKE(_xlpm.fval,,1),"\",3), _xlpm.r,2024-2005+1,_xlpm.l,B3, _xlpm.fuel_seq,_xlfn.TOCOL(IF(_xlfn.SEQUENCE(,_xlpm.r)<=_xlfn.CEILING.MATH(_xlfn.SEQUENCE(_xlpm.l)/_xlpm.l,1)-1+_xlpm.r,_xlpm.fuel,NA()),,1), _xlpm.fuel_val,_xlfn.TOCOL(_xlfn.DROP(_xlpm.fval,,1),,1), _xlfn.HSTACK(_xlpm.fuel_seq,_xlpm.fuel_val))} -> Coal Subcritical | C8: 9750 | D8: {=_xlfn.LET(_xlpm.country,B1, _xlpm.table,INDIRECT(IF(B2="Existing Capacity",_xlpm.country,_xlpm.country&"_HP")), _xlpm.len,_xlfn.TOCOL((2024-2005+1)*B3), _xlpm.val,_xlfn._xlws.FILTER(_xlfn.HSTACK(leap[Branch Path],leap[[2005]:[2024]]),(leap[Region]=B1)*(leap[Variable]=B2)), _xlpm.fval,_xlfn._xlws.FILTER(_xlpm.val,_xlfn.BYROW(_xlfn.DROP(_xlpm.val,,1),_xleta.SUM)>0), _xlpm.fuel,_xlfn.TEXTAFTER(_xlfn.TAKE(_xlpm.fval,,1),"\",3), _xlpm.mapping,VLOOKUP(_xlpm.fuel,Mapping!$B$3:$L$42,MATCH(_xlpm.country,AMS,0)+1,0), _xlpm.id,_xlfn.MAP(MATCH(_xlpm.mapping,_xlfn.TAKE(_xlpm.table,,1),0),_xlfn.LAMBDA(_xlpm.x,IFERROR(_xlpm.x,30))), _xlpm.fuel_val,_xlfn.TOCOL(_xlfn.DROP(_xlfn.CHOOSEROWS(_xlpm.table,_xlpm.id),,2),,1), _xlpm.r,2024-2005+1,_xlpm.l,B3, _xlpm.fuel_seq,_xlfn.TOCOL(IF(_xlfn.SEQUENCE(,_xlpm.r)<=_xlfn.CEILING.MATH(_xlfn.SEQUENCE(_xlpm.l)/_xlpm.l,1)-1+_xlpm.r,_xlpm.mapping,NA()),,1), _xlfn.HSTACK(_xlpm.fuel_seq,_xlpm.fuel_val))} -> Coal Subcritical | E8: 9750 | F8: {=ROUND(ABS(_xlfn.TAKE(_xlfn.ANCHORARRAY(B8),,-1)-_xlfn.TAKE(_xlfn.ANCHORARRAY(D8),,-1)),1)} -> 0 | H8: {=IFERROR(_xlfn._xlws.SORT(_xlfn._xlws.FILTER(_xlfn.HSTACK(_xlfn.ANCHORARRAY(A8),_xlfn.ANCHORARRAY(B8),_xlfn.ANCHORARRAY(D8)),_xlfn.ANCHORARRAY(F8)>0),2),"")} -> 2022 | I8: Coal Subcritical | J8: 42635.26 | K8: Coal Subcritical | L8: 42605.26 | O8: =J8-L8 -> 30
A9: 2005 | B9: Coal Supercritical | C9: 0 | D9: Coal Supercritical | E9: 0 | F9: 0 | H9: 2023 | I9: Coal Subcritical | J9: 49756.37 | K9: Coal Subcritical | L9: 46347.37 | O9: =J9-L9 -> 3409
A10: 2005 | B10: Diesel | C10: 3208.08 | D10: Diesel Oil | E10: 3208.08 | F10: 0 | H10: 2024 | I10: Coal Subcritical | J10: 54338.84 | K10: Coal Subcritical | L10: 50929.84 | O10: =J10-L10 -> 3409
A11: 2005 | B11: Gas Turbine | C11: 3099.35 | D11: Natural gas based Gas Turbine | E11: 3099.35 | F11: 0 | H11: 2023 | I11: Coal Supercritical | J11: 3942 | K11: Coal Supercritical | L11: 3409 | O11: =J11-L11 -> 533
A12: 2005 | B12: Gas Engine | C12: 3 | D12: Gas Engine | E12: 3 | F12: 0 | H12: 2024 | I12: Coal Supercritical | J12: 4301 | K12: Coal Supercritical | L12: 3409 | O12: =J12-L12 -> 892
A13: 2005 | B13: Gas Combined Cycle | C13: 6919.97 | D13: Combined Cycle Gas Turbine | E13: 6919.97 | F13: 0 | H13: 2018 | I13: Solar PV | J13: 52.61 | K13: Solar PV | L13: 60.19 | O13: =J13-L13 -> -7.58
A14: 2005 | B14: Large Hydro | C14: 3410.94 | D14: Large Hydro | E14: 3410.94 | F14: 0 | H14: 2022 | I14: Solar PV | J14: 272.22 | K14: Solar PV | L14: 283.14 | O14: =J14-L14 -> -10.92
A15: 2005 | B15: Small Hydro | C15: 0 | D15: Small Hydro | E15: 0 | F15: 0 | H15: 2023 | I15: Solar PV | J15: 589.05 | K15: Solar PV | L15: 599.97 | O15: =J15-L15 -> -10.92
A16: 2005 | B16: Geothermal Flash | C16: 850 | D16: Geothermal | E16: 850 | F16: 0 | H16: 2024 | I16: Solar PV | J16: 898.54 | K16: Solar PV | L16: 909.43 | O16: =J16-L16 -> -10.89
A17: 2005 | B17: Solar PV | C17: 0 | D17: Solar PV | E17: 0 | F17: 0 | H17: 2020 | I17: Wind Onshore | J17: 153.83 | K17: Wind Turbine | L17: 154.31 | O17: =J17-L17 -> -0.48
A18: 2005 | B18: Wind Onshore | C18: 0 | D18: Wind Turbine | E18: 0 | F18: 0 | O18: =J18-L18 -> 0
A19: 2005 | B19: Biomass Other | C19: 0 | D19: Biomass Other | E19: 0 | F19: 0 | O19: =J19-L19 -> 0
A20: 2005 | B20: Biogas | C20: 0 | D20: Biogas | E20: 0 | F20: 0 | O20: =J20-L20 -> 0
A21: 2005 | B21: Waste | C21: 0 | D21: Waste to Energy | E21: 0 | F21: 0
A22: 2006 | B22: Coal Subcritical | C22: 11170 | D22: Coal Subcritical | E22: 11170 | F22: 0
A23: 2006 | B23: Coal Supercritical | C23: 0 | D23: Coal Supercritical | E23: 0 | F23: 0
A24: 2006 | B24: Diesel | C24: 3165.05 | D24: Diesel Oil | E24: 3165.05 | F24: 0
A25: 2006 | B25: Gas Turbine | C25: 3102.95 | D25: Natural gas based Gas Turbine | E25: 3102.95 | F25: 0
A26: 2006 | B26: Gas Engine | C26: 21 | D26: Gas Engine | E26: 21 | F26: 0
A27: 2006 | B27: Gas Combined Cycle | C27: 7659.97 | D27: Combined Cycle Gas Turbine | E27: 7659.97 | F27: 0
A28: 2006 | B28: Large Hydro | C28: 3719.19 | D28: Large Hydro | E28: 3719.19 | F28: 0
A29: 2006 | B29: Small Hydro | C29: 0 | D29: Small Hydro | E29: 0 | F29: 0
A30: 2006 | B30: Geothermal Flash | C30: 850 | D30: Geothermal | E30: 850 | F30: 0
A31: 2006 | B31: Solar PV | C31: 0 | D31: Solar PV | E31: 0 | F31: 0
A32: 2006 | B32: Wind Onshore | C32: 0 | D32: Wind Turbine | E32: 0 | F32: 0
... A287: 2024 | B287: Waste | C287: 36.47 | D287: Waste to Energy | E287: 36.47 | F287: 0

Sheet Mapping
C2: {=TRANSPOSE(N4:N13)} -> Brunei | D2: Cambodia | E2: Indonesia | F2: Laos | G2: Malaysia | H2: Myanmar | I2: Philippines | J2: Singapore | K2: Thailand | L2: Vietnam
B3: {=_xlfn.LET(_xlpm.val,_xlfn.UNIQUE(_xlfn.TEXTAFTER(leap[Branch Path],"\",3)),_xlfn._xlws.SORT(_xlfn._xlws.FILTER(_xlpm.val,NOT(ISNUMBER(SEARCH("_",_xlpm.val))))))} -> Bioenergy with CCS | N3: Country
B4: Biogas | E4: Biogas | G4: Biogas | K4: Biogas | N4: Brunei
B5: Biomass Gasification | K5: Biomass Gasification | N5: Cambodia
B6: Biomass Other | D6: Biomass Other | E6: Biomass Other | F6: Biomass Other | G6: Biomass Other | H6: Biomass Other | I6: Biomass Other | K6: Biomass Other | L6: Biomass Other | N6: Indonesia
B7: CAES | N7: Laos
B8: Coal IGCC | C8: Coal based IGCC | N8: Malaysia
B9: Coal IGCC with CCS | N9: Myanmar
B10: Coal Subcritical | D10: Coal Subcritical | E10: Coal Subcritical | F10: Coal Subcritical | G10: Coal Subcritical | H10: Coal Subcritical | I10: Coal Subcritical | K10: Coal Subcritical | L10: Coal Subcritical | N10: Philippines
B11: Coal Supercritical | E11: Coal Supercritical | N11: Singapore
B12: Coal Supercritical CCS | N12: Thailand
B13: Coal Ultrasupercritical | G13: Coal Ultrasupercritical (USC) | N13: Vietnam
B14: Coal Ultrasupercritical CCS
B15: Diesel | C15: Diesel Oil | D15: Diesel Oil | E15: Diesel Oil | G15: Diesel Oil | H15: Diesel Oil | I15: Diesel Oil | K15: Diesel Oil | L15: Diesel Oil
B16: Direct Air Capture
B17: Fuel Oil | D17: Fuel Oil (Heavy Oil) | J17: Fuel Oil (Heavy Oil) | K17: Fuel Oil (Heavy Oil)
B18: Gas Combined Cycle | C18: Combined Cycle Gas Turbine | E18: Combined Cycle Gas Turbine | G18: Combined Cycle Gas Turbine | H18: Combined Cycle Gas Turbine (34%) | I18: Combined Cycle Gas Turbine | J18: Combined Cycle Gas Turbine | K18: Combined Cycle Gas Turbine | L18: Combined Cycle Gas Turbine
B19: Gas Combined Cycle with CCS
B20: Gas Engine | E20: Gas Engine | H20: Natural Gas Engine (29%)
B21: Gas Steam
B22: Gas Turbine | C22: Natural gas based Gas Turbine | E22: Natural gas based Gas Turbine | H22: Natural gas based Gas Turbine (37%) | J22: Natural gas based Gas Turbine
B23: Geothermal Flash | E23: Geothermal | I23: Geothermal | K23: Geothermal
B24: Geothermal ORC
B25: H2 Fuel Cell
B26: Large Hydro | D26: Large Hydro | E26: Large Hydro | F26: Large Hydro | G26: Large Hydro | H26: Large Hydro | I26: Large Hydro | K26: Large Hydro | L26: Large Hydro
B27: Lithium Ion Batteries
B28: Nuclear LWR
B29: Nuclear SFR
B30: Nuclear SMR
B31: Pumped Hydro | K31: Pumped Hydro Storage
B32: Small Hydro | E32: Small Hydro | H32: Small Hydro
B33: Solar CSP
B34: Solar Floating
B35: Solar PV | C35: Solar PV | D35: Solar PV | E35: Solar PV | F35: Solar PV | G35: Solar PV | H35: Solar PV | I35: Solar PV | J35: Solar PV | K35: Solar PV | L35: Solar PV
B36: Tidal
B37: Unmet Load
B38: VRB Flow Batteries
B39: Waste | E39: Waste to Energy | J39: Waste to Energy | K39: Waste to Energy
B40: Wave
B41: Wind Offshore
B42: Wind Onshore | E42: Wind Turbine | H42: Wind Turbine | I42: Wind Turbine | K42: Wind Turbine | L42: Wind Turbine

Sheet Vietnam_HP
A1: Technology | B1: Unit | C1: 2005 | D1: 2006 | E1: 2007 | F1: 2008 | G1: 2009 | H1: 2010 | I1: 2011 | J1: 2012 | K1: 2013 | L1: 2014 | M1: 2015 | N1: 2016 | O1: 2017 | P1: 2018 | Q1: 2019 | R1: 2020 | S1: 2021 | T1: 2022 | U1: 2023 | V1: 2024
A2: Coal Subcritical | B2: GWh | P2: 91654 | Q2: 120157 | R2: 123182 | S2: 118999 | T2: 104541 | U2: 130191 | V2: 156782
A3: Coal Supercritical | B3: GWh
A4: Coal Ultrasupercritical (USC) | B4: GWh
A5: Coal with CCS | B5: GWh
A6: Coal based IGCC | B6: GWh
A7: Coal based IGCC with CCS | B7: GWh
A8: Oil based Gas Turbine | B8: GWh
A9: Diesel Oil | B9: GWh | P9: 751 | Q9: 2213 | R9: 15 | S9: 4 | T9: 22 | U9: 29 | V9: 25
A10: Fuel Oil (Heavy Oil) | B10: GWh | R10: 1041 | S10: 2 | T10: 56 | U10: 1248 | V10: 175
A11: Other IGCC | B11: GWh
A12: Natural gas based Gas Turbine | B12: GWh
A13: Natural gas based IGCC | B13: GWh
A14: Combined Cycle Gas Turbine | B14: GWh | P14: 40562 | Q14: 42402 | R14: 34800 | S14: 26311 | T14: 29410 | U14: 26372 | V14: 21829
A15: Large Hydro | B15: GWh | P15: 83081 | Q15: 66117 | R15: 72832 | S15: 78393 | T15: 95848 | U15: 80595 | V15: 88723
A16: Small Hydro | B16: GWh
A17: Pumped Hydro Storage | B17: GWh
A18: Nuclear | B18: GWh
A19: Geothermal | B19: GWh
A20: Solar PV | B20: GWh | P20: 22 | Q20: 4818 | R20: 10281 | S20: 27762 | T20: 28397 | U20: 27222 | V20: 27777
A21: Solar Thermal | B21: GWh
A22: Ocean | B22: GWh
A23: Wind Turbine | B23: GWh | P23: 487 | Q23: 724 | R23: 982 | S23: 3349 | T23: 9090 | U23: 11583 | V23: 12747
A24: Biomass Other | B24: GWh | P24: 488 | Q24: 350 | R24: 340 | S24: 321 | T24: 378 | U24: 867 | V24: 1032
A25: Biomass Gasification | B25: GWh
A26: Biomass Gasification with CCS | B26: GWh
A27: Biodiesel | B27: GWh
A28: Fuel Cell (Hydrogen) | B28: GWh
A29: Biogas | B29: GWh
A30: Battery | B30: GWh
A31: Others | B31: GWh
A32: Gas Engine | B32: GWh
A33: Waste to Energy | B33: GWh
A34: Total | B34: GWh | U34: 278107 | V34: 309090

Sheet Thailand_HP
A1: Technology | B1: Unit | C1: 2005 | D1: 2006 | E1: 2007 | F1: 2008 | G1: 2009 | H1: 2010 | I1: 2011 | J1: 2012 | K1: 2013 | L1: 2014 | M1: 2015 | N1: 2016 | O1: 2017 | P1: 2018 | Q1: 2019 | R1: 2020 | S1: 2021 | T1: 2022 | U1: 2023 | V1: 2024
A2: Coal Subcritical | B2: GWh | C2: 32034 | D2: 35051 | E2: 36615.8 | F2: 37480.6 | G2: 37825 | H2: 38854.2 | I2: 40047.8 | J2: 40081 | K2: 36374 | L2: 35753 | M2: 34582.1 | N2: 37038 | O2: 35782.1 | P2: 35796.424 | Q2: 35825.22 | R2: 45902.293 | S2: 45531.515 | T2: 45519.511 | U2: 30430 | V2: 33280
A3: Coal Supercritical | B3: GWh | C3: 0 | D3: 0 | E3: 0 | F3: 0 | G3: 0 | H3: 0 | I3: 0 | J3: 0 | K3: 0 | L3: 0 | M3: 0 | N3: 0 | O3: 0 | P3: 0 | Q3: 0 | R3: 0
A4: Coal Ultrasupercritical (USC) | B4: GWh | C4: 0 | D4: 0 | E4: 0 | F4: 0 | G4: 0 | H4: 0 | I4: 0 | J4: 0 | K4: 0 | L4: 0 | M4: 0 | N4: 0 | O4: 0 | P4: 0 | Q4: 0 | R4: 0
A5: Coal with CCS | B5: GWh
A6: Coal based IGCC | B6: GWh
A7: Coal based IGCC with CCS | B7: GWh
A8: Oil based Gas Turbine | B8: GWh | C8: 0 | D8: 0 | E8: 0 | F8: 0 | G8: 0 | H8: 0 | I8: 0 | J8: 0 | K8: 0 | L8: 0 | M8: 0 | N8: 0 | O8: 0 | P8: 0 | Q8: 0 | R8: 486.32121 | S8: 17.664005 | T8: 0
A9: Diesel Oil | B9: GWh | C9: 5949.3 | D9: 5646.3 | E9: 5526.5 | F9: 5216.2 | G9: 3153 | H9: 2573.1 | I9: 2050 | J9: 2222 | K9: 1584.6 | L9: 1399 | M9: 914.9 | N9: 630.8 | O9: 334.2 | P9: 111.772 | Q9: 137.224 | R9: 226.32416 | S9: 1750.9199 | T9: 9297.9069
A10: Fuel Oil (Heavy Oil) | B10: GWh | R10: 97.966457 | S10: 953.39445 | T10: 1263.3032
A11: Other IGCC | B11: GWh
A12: Natural gas based Gas Turbine | B12: GWh
A13: Natural gas based IGCC | B13: GWh
A14: Combined Cycle Gas Turbine | B14: GWh | C14: 85703 | D14: 87071 | E14: 90167.2 | F14: 94549 | G14: 82569.3 | H14: 94224 | I14: 102301 | J14: 114628 | K14: 118871.2 | L14: 124675 | M14: 128525 | N14: 124597 | O14: 120263.6 | P14: 116265.18 | Q14: 121840.62 | R14: 112793.07 | S14: 110171.31 | T14: 104931.22 | U14: 129400 | V14: 136370
A15: Gas Engine | B15: GWh
A16: Large Hydro | B16: GWh | C16: 5798.7 | D16: 8125 | E16: 8114 | F16: 7113 | G16: 7148 | H16: 5537 | I16: 8164 | J16: 8641.3 | K16: 5611 | L16: 4362.3 | M16: 3867.7 | N16: 3651 | O16: 4832.8 | P16: 7597.013 | Q16: 6309.958 | R16: 20792.732 | S16: 24084.506 | T16: 27515.972 | U16: 6590 | V16: 6410
A17: Small Hydro | B17: GWh
A18: Pumped Hydro Storage | B18: GWh | C18: 0 | D18: 0 | E18: 0 | F18: 0 | G18: 0 | H18: 0 | I18: 0 | J18: 0 | K18: 0 | L18: 0 | M18: 0 | N18: 0 | O18: 0 | P18: 0 | Q18: 0 | R18: 457.12838 | S18: 389.4861 | T18: 333.9196
A19: Nuclear | B19: GWh
A20: Geothermal | B20: GWh | C20: 1 | D20: 1 | E20: 1 | F20: 1 | G20: 2 | H20: 3 | I20: 1.2 | J20: 1 | K20: 1.3 | L20: 1 | M20: 1.3 | N20: 1 | O20: 1.5 | P20: 1.5 | Q20: 1.5 | R20: 1.01155 | S20: 1.35933 | T20: 1.388838
A21: Solar PV | B21: GWh | C21: 0 | D21: 0 | E21: 0 | F21: 0 | G21: 9 | H21: 23 | I21: 83 | J21: 447 | K21: 931.4 | L21: 2031 | M21: 2318.5 | N21: 3553.5 | O21: 4542.5 | P21: 4542.5 | Q21: 4542.5 | R21: 4773.4595 | S21: 4780.4798 | T21: 4792.989 | U21: 5420 | V21: 6170
A22: Solar Thermal | B22: GWh
A23: Ocean | B23: GWh
A24: Wind Turbine | B24: GWh | C24: 0 | D24: 0 | E24: 0 | F24: 0 | G24: 1 | H24: 2 | I24: 5 | J24: 17 | K24: 351.3 | L24: 406 | M24: 359.6 | N24: 349.7 | O24: 1109.9 | P24: 1109.9 | Q24: 1109.9 | R24: 3118.3411 | S24: 3409.7693 | T24: 2957.9234 | U24: 3610 | V24: 3670
A25: Biomass Other | B25: GWh | C25: 0 | D25: 0 | E25: 0 | F25: 0 | G25: 0 | H25: 0 | I25: 3123 | J25: 4999.7 | K25: 4949.8 | L25: 4918 | M25: 12379.9 | N25: 15674.4 | O25: 15032.8 | P25: 15032.8 | Q25: 15032.8 | R25: 0 | S25: 0 | T25: 0
A26: Biomass Gasification | B26: GWh | C26: 0 | D26: 0 | E26: 0 | F26: 0 | G26: 0 | H26: 0 | I26: 0 | J26: 0 | K26: 0 | L26: 0 | M26: 0 | N26: 0 | O26: 0 | P26: 0 | Q26: 0 | R26: 9564.3092 | S26: 10223.776 | T26: 10932.555 | U26: 14150 | V26: 13400
A27: Biomass Gasification with CCS | B27: GWh
A28: Biodiesel | B28: GWh
A29: Biogas | B29: GWh | C29: 0 | D29: 0 | E29: 0 | F29: 0 | G29: 0 | H29: 0 | I29: 0 | J29: 231 | K29: 918.5 | L29: 921.8 | M29: 1400.9 | N29: 2144.6 | O29: 3610.8 | P29: 3610.8 | Q29: 3610.8 | R29: 829.06219 | S29: 828.7184 | T29: 864.81539
A30: Waste to Energy | B30: GWh | C30: 0 | D30: 0 | E30: 0 | F30: 0 | G30: 0 | H30: 0 | I30: 0 | J30: 0 | K30: 0 | L30: 0 | M30: 0 | N30: 0 | O30: 0 | P30: 0 | Q30: 0 | R30: 2164.8038 | S30: 2356.6975 | T30: 2223.2466
A31: Fuel Cell (Hydrogen) | B31: GWh
A32: Battery | B32: GWh
A33: Others | B33: GWh | R33: 2125.0128 | S33: 2172.495 | T33: 2560.4257 | U33: 33550 | V33: 37080
A34: Total | B34: GWh | C34: 129486 | D34: 135894.3 | E34: 140424.5 | F34: 144359.8 | G34: 130707.3 | H34: 141216.3 | I34: 155775 | J34: 171268 | K34: 169593.1 | L34: 174467.1 | M34: 184349.9 | N34: 187640 | O34: 185510.2 | P34: 184067.88 | Q34: 188410.52 | R34: 203331.84 | S34: 206672.09 | T34: 213195.18 | U34: 223150 | V34: 236380

Sheet Singapore_HP
A1: Technology | B1: Unit | C1: 2005 | D1: 2006 | E1: 2007 | F1: 2008 | G1: 2009 | H1: 2010 | I1: 2011 | J1: 2012 | K1: 2013 | L1: 2014 | M1: 2015 | N1: 2016 | O1: 2017 | P1: 2018 | Q1: 2019 | R1: 2020 | S1: 2021 | T1: 2022 | U1: 2023 | V1: 2024
A2: Coal Subcritical | B2: GWh | C2: 0 | D2: 0 | E2: 0 | F2: 0 | G2: 0 | H2: 0 | I2: 0 | J2: 0 | K2: 0 | L2: 0 | M2: 0 | N2: 0 | O2: 0 | P2: 0 | Q2: 0 | R2: 0 | S2: 0 | T2: 0
A3: Coal Supercritical | B3: GWh | C3: 0 | D3: 0 | E3: 0 | F3: 0 | G3: 0 | H3: 0 | I3: 0 | J3: 0 | K3: 0 | L3: 0 | M3: 0 | N3: 0 | O3: 0 | P3: 0 | Q3: 0 | R3: 0 | S3: 0 | T3: 0
A4: Coal Ultrasupercritical (USC) | B4: GWh | C4: 0 | D4: 0 | E4: 0 | F4: 0 | G4: 0 | H4: 0 | I4: 0 | J4: 0 | K4: 0 | L4: 0 | M4: 0 | N4: 0 | O4: 0 | P4: 0 | Q4: 0 | R4: 0 | S4: 0 | T4: 0
A5: Coal with CCS | B5: GWh
A6: Coal based IGCC | B6: GWh
A7: Coal based IGCC with CCS | B7: GWh
A8: Oil based Gas Turbine | B8: GWh
A9: Diesel Oil | B9: GWh | C9: 0 | D9: 0 | E9: 0 | F9: 0 | G9: 0 | H9: 0 | I9: 0 | J9: 0 | K9: 0 | L9: 0 | M9: 0 | N9: 0 | O9: 0 | P9: 0 | Q9: 0 | R9: 0 | S9: 0 | T9: 0
A10: Fuel Oil (Heavy Oil) | B10: GWh | C10: 8827 | D10: 7817 | E10: 7774 | F10: 7167 | G10: 7064 | H10: 9164 | I10: 8924 | J10: 6102 | K10: 2249 | L10: 345 | M10: 332 | N10: 361 | O10: 366 | Q10: 217 | R10: 211 | S10: 440 | T10: 458.92
A11: Other IGCC | B11: GWh
A12: Natural gas based Gas Turbine | B12: GWh | C12: 1692 | D12: 1936 | E12: 1910 | F12: 2017 | G12: 2361 | H12: 1986 | I12: 1571 | J12: 890 | K12: 825 | L12: 841 | M12: 818 | N12: 839 | O12: 837 | P12: 876.17315 | Q12: 871.37697 | R12: 850.90567 | S12: 881.78096 | T12: 919.69755
A13: Natural gas based IGCC | B13: GWh
A14: Combined Cycle Gas Turbine | B14: GWh | C14: 26738 | D14: 28780 | E14: 30463 | F14: 31444 | G14: 31330 | H14: 33036 | I14: 34308 | J14: 38677 | K14: 43201 | L14: 46191 | M14: 47070 | N14: 48271 | O14: 48881 | P14: 51168.722 | Q14: 50888.623 | R14: 49693.094 | S14: 51496.219 | T14: 53710.556
A15: Large Hydro | B15: GWh | C15: 0 | D15: 0 | E15: 0 | F15: 0 | G15: 0 | H15: 0 | I15: 0 | J15: 0 | K15: 0 | L15: 0 | M15: 0 | N15: 0 | O15: 0 | P15: 0 | Q15: 0 | R15: 0 | S15: 0 | T15: 0
A16: Small Hydro | B16: GWh
A17: Pumped Hydro Storage | B17: GWh
A18: Nuclear | B18: GWh
A19: Geothermal | B19: GWh | C19: 0 | D19: 0 | E19: 0 | F19: 0 | G19: 0 | H19: 0 | I19: 0 | J19: 0 | K19: 0 | L19: 0 | M19: 0 | N19: 0 | O19: 0 | P19: 0 | Q19: 0 | R19: 0 | S19: 0 | T19: 0
A20: Solar PV | B20: GWh | C20: 0 | D20: 0 | E20: 0 | F20: 1 | G20: 3 | H20: 5 | I20: 8 | J20: 13 | K20: 17 | L20: 38 | M20: 69 | N20: 146 | O20: 169 | P20: 268.61035 | Q20: 410 | R20: 499 | S20: 761 | T20: 793.723
A21: Solar Thermal | B21: GWh
A22: Ocean | B22: GWh
A23: Wind Turbine | B23: GWh | C23: 0 | D23: 0 | E23: 0 | F23: 0 | G23: 0 | H23: 0 | I23: 0 | J23: 0 | K23: 0 | L23: 0 | M23: 0 | N23: 0 | O23: 0 | P23: 0 | Q23: 0 | R23: 0 | S23: 0 | T23: 0
A24: Biomass Other | B24: GWh | C24: 0 | D24: 0 | E24: 0 | F24: 0 | G24: 0 | H24: 0 | I24: 0 | J24: 0 | K24: 0 | L24: 0 | M24: 0 | N24: 0 | O24: 0 | P24: 0 | Q24: 0 | R24: 0 | S24: 0 | T24: 0
A25: Biomass Gasification | B25: GWh
A26: Biomass Gasification with CCS | B26: GWh
A27: Biodiesel | B27: GWh
A28: Fuel Cell (Hydrogen) | B28: GWh
A29: Biogas | B29: GWh | C29: 0 | D29: 0 | E29: 0 | F29: 0 | G29: 0 | H29: 0 | I29: 0 | J29: 0 | K29: 0 | L29: 0 | M29: 0 | N29: 0 | O29: 0 | P29: 0 | Q29: 0 | R29: 0 | S29: 0 | T29: 0
A30: Battery | B30: GWh
A31: Others | B31: GWh
A32: Gas Engine | B32: GWh
A33: Waste to Energy | B33: GWh | C33: 955.3 | D33: 947.5 | E33: 987.2 | F33: 1040.8 | G33: 1042 | H33: 1174.5 | I33: 1188 | J33: 1254.3 | K33: 1671.3 | L33: 1894.9 | M33: 1982.1 | N33: 1969.1 | O33: 1972.2 | P33: 563.78043 | Q33: 1433 | R33: 1054 | S33: 1220 | T33: 1272.46
A34: Total | B34: GWh | C34: 38212.3 | D34: 39480.5 | E34: 41134.2 | F34: 41669.8 | G34: 41800 | H34: 45365.5 | I34: 45999 | J34: 46936.3 | K34: 47963.3 | L34: 49309.9 | M34: 50271.1 | N34: 51586.1 | O34: 52225.2 | P34: 52877.285 | Q34: 53820 | R34: 52308 | S34: 54799 | T34: 57155.357

Sheet Philippines_HP
A1: Technology | B1: Unit | C1: 2005 | D1: 2006 | E1: 2007 | F1: 2008 | G1: 2009 | H1: 2010 | I1: 2011 | J1: 2012 | K1: 2013 | L1: 2014 | M1: 2015 | N1: 2016 | O1: 2017 | P1: 2018 | Q1: 2019 | R1: 2020 | S1: 2021 | T1: 2022 | U1: 2023 | V1: 2024
A2: Coal Subcritical | B2: GWh | C2: 15257.2 | D2: 15294.1 | E2: 16837.1 | F2: 15748.8 | G2: 16476.1 | H2: 23301.1 | I2: 25342.2 | J2: 28264.9 | K2: 32081 | L2: 33053.5 | M2: 36685.7 | N2: 43303.2 | O2: 46847.3 | P2: 51932.187 | Q2: 57890.429 | R2: 58176.002 | S2: 62052.246 | T2: 66429.544 | U2: 73753.848 | V2: 79359.333
A3: Coal Supercritical | B3: GWh
A4: Coal Ultrasupercritical (USC) | B4: GWh
A5: Coal with CCS | B5: GWh
A6: Coal based IGCC | B6: GWh
A7: Coal based IGCC with CCS | B7: GWh
A8: Oil based Gas Turbine | B8: GWh
A9: Diesel Oil | B9: GWh | C9: 6141.4 | D9: 4664.8 | E9: 5148 | F9: 4868.3 | G9: 5380.7 | H9: 7101 | I9: 3397.6 | J9: 4254 | K9: 4490.6 | L9: 5707.7 | M9: 5886.4 | N9: 5661.4 | O9: 3787.1 | P9: 3172.8171 | Q9: 3752.3018 | R9: 2473.8877 | S9: 1616.3781 | T9: 2518.5002 | U9: 1303.644 | V9: 1341.6626
A10: Fuel Oil (Heavy Oil) | B10: GWh
A11: Other IGCC | B11: GWh
A12: Natural gas based Gas Turbine | B12: GWh
A13: Natural gas based IGCC | B13: GWh
A14: Combined Cycle Gas Turbine | B14: GWh | C14: 16860.9 | D14: 16366 | E14: 18789.4 | F14: 19575.9 | G14: 19886.8 | H14: 19517.9 | I14: 20591.3 | J14: 19641.5 | K14: 18791.3 | L14: 18690.1 | M14: 18877.9 | N14: 19853.8 | O14: 20547.2 | P14: 21333.789 | Q14: 22354.378 | R14: 19496.927 | S14: 18675.444 | T14: 17884.12 | U14: 16668.066 | V14: 18046.729
A15: Large Hydro | B15: GWh | C15: 8386.773 | D15: 9939.413 | E15: 8563.433 | F15: 9842.534 | G15: 9787.567 | H15: 7803.405 | I15: 9697.532 | J15: 10252.134 | K15: 10019.308 | L15: 9137.273 | M15: 8665.078 | N15: 8110.915 | O15: 9610.799 | P15: 9383.7582 | Q15: 8025.4917 | R15: 7192.0188 | S15: 9185.3235 | T15: 10084.592 | U15: 10287.161 | V15: 10908.597
A16: Small Hydro | B16: GWh
A17: Pumped Hydro Storage | B17: GWh
A18: Nuclear | B18: GWh
A19: Geothermal | B19: GWh | C19: 9902 | D19: 10465 | E19: 10215 | F19: 10723 | G19: 10324 | H19: 9929 | I19: 9942 | J19: 10250 | K19: 9605 | L19: 10308 | M19: 11044 | N19: 11070 | O19: 10270 | P19: 10435.305 | Q19: 10690.804 | R19: 10756.815 | S19: 10681.422 | T19: 10424.518 | U19: 10730.183 | V19: 10789.22
A20: Solar PV | B20: GWh | C20: 1.5 | D20: 1.4 | E20: 1.3 | F20: 1.3 | G20: 1.3 | H20: 1.3 | I20: 1.2 | J20: 1.3 | K20: 1.4 | L20: 16.5 | M20: 138.5 | N20: 1097 | O20: 1201.2 | P20: 1249.1164 | Q20: 1246.0817 | R20: 1372.6045 | S20: 1469.5499 | T20: 1822.3958 | U20: 2544.0051 | V20: 3810.6931
A21: Solar Thermal | B21: GWh
A22: Ocean | B22: GWh
A23: Wind Turbine | B23: GWh | C23: 17.5 | D23: 53.2 | E23: 57.8 | F23: 61.4 | G23: 64.4 | H23: 61.7 | I23: 88.2 | J23: 75.3 | K23: 65.7 | L23: 152.1 | M23: 748.4 | N23: 975.2 | O23: 1093.6 | P23: 1152.923 | Q23: 1041.6599 | R23: 1026.4498 | S23: 1269.6616 | T23: 1029.8689 | U23: 1308.1384 | V23: 1238.6711
A24: Biomass Other | B24: GWh | C24: 0 | D24: 0 | E24: 0 | F24: 0 | G24: 13.7 | H24: 27.3 | I24: 115.3 | J24: 182.8 | K24: 212 | L24: 195.7 | M24: 367.5 | N24: 725.9 | O24: 1013.1 | P24: 1104.8228 | Q24: 1040.3426 | R24: 1261.016 | S24: 1164.6887 | T24: 1322.1298 | U24: 1408.8628 | V24: 1445.9211
A25: Biomass Gasification | B25: GWh
A26: Biomass Gasification with CCS | B26: GWh
A27: Biodiesel | B27: GWh
A28: Fuel Cell (Hydrogen) | B28: GWh
A29: Biogas | B29: GWh
A30: Battery | B30: GWh
A31: Others | B31: GWh
A32: Total | B32: GWh | C32: 56567.273 | D32: 56783.913 | E32: 59612.033 | F32: 60821.234 | G32: 61934.567 | H32: 67742.705 | I32: 69175.332 | J32: 72921.934 | K32: 75266.308 | L32: 77260.873 | M32: 82413.478 | N32: 90797.415 | O32: 94370.299 | P32: 99764.718 | Q32: 106041.49 | R32: 101755.72 | S32: 106114.71 | T32: 111515.67 | U32: 118003.91 | V32: 126940.83

Sheet Myanmar_HP
A1: Technology | B1: Unit | C1: 2005 | D1: 2006 | E1: 2007 | F1: 2008 | G1: 2009 | H1: 2010 | I1: 2011 | J1: 2012 | K1: 2013 | L1: 2014 | M1: 2015 | N1: 2016 | O1: 2017 | P1: 2018 | Q1: 2019 | R1: 2020 | S1: 2021 | T1: 2022 | U1: 2023 | V1: 2024
A2: Coal Subcritical | B2: GWh | C2: 232.66 | D2: 382.21 | E2: 401.82 | F2: 198.39 | G2: 228.95 | H2: 365.91 | I2: 292.13 | J2: 241.71 | K2: 125.6 | L2: 66.1 | M2: 0 | N2: 9.3 | O2: 438.67 | P2: 561.69 | Q2: 692.96 | R2: 554.115 | S2: 661.89 | T2: 705.339 | U2: 759.458 | V2: 632.788
A3: Coal Supercritical | B3: GWh | C3: 0 | D3: 0 | E3: 0 | F3: 0 | G3: 0 | H3: 0 | I3: 0 | J3: 0 | K3: 0 | L3: 0 | M3: 0 | N3: 0 | O3: 0 | P3: 0 | Q3: 0 | R3: 0 | S3: 0 | T3: 0 | U3: 0 | V3: 0
A4: Coal Ultrasupercritical (USC) | B4: GWh | C4: 0 | D4: 0 | E4: 0 | F4: 0 | G4: 0 | H4: 0 | I4: 0 | J4: 0 | K4: 0 | L4: 0 | M4: 0 | N4: 0 | O4: 0 | P4: 0 | Q4: 0 | R4: 0 | S4: 0 | T4: 0 | U4: 0 | V4: 0
A5: Coal with CCS | B5: GWh
A6: Coal based IGCC | B6: GWh
A7: Coal based IGCC with CCS | B7: GWh
A8: Oil based Gas Turbine | B8: GWh
A9: Diesel Oil | B9: GWh | C9: 32.24 | D9: 27.14 | E9: 31.73 | F9: 37.12 | G9: 27.83 | H9: 31.17 | I9: 36.65 | J9: 47.51 | K9: 57.61 | L9: 62.65 | M9: 53.57 | N9: 59.84 | O9: 67.54 | P9: 82.7 | Q9: 136.11 | R9: 176.39 | S9: 114.3 | T9: 100.984 | U9: 98.065 | V9: 95.153
A10: Fuel Oil (Heavy Oil) | B10: GWh
A11: Other IGCC | B11: GWh
A12: Natural gas based Gas Turbine (37%) | B12: GWh | C12: 1010.74 | D12: 874.7 | E12: 827.48 | F12: 814.53 | G12: 510.72 | H12: 725.01 | I12: 922.06 | J12: 1029.12 | K12: 1158.78 | L12: 1883.49 | M12: 2370.07 | N12: 2943.77 | O12: 3053.49 | P12: 3439.0523 | Q12: 4541.1868 | R12: 5501.8976 | S12: 4615.7345 | T12: 4696.4929 | U12: 3857.7073 | V12: 3337.9543
A13: Natural gas based IGCC | B13: GWh
A14: Combined Cycle Gas Turbine (56%) | B14: GWh | C14: 1720.99 | D14: 1489.35 | E14: 1408.96 | F14: 1386.91 | G14: 869.61 | H14: 1234.47 | I14: 1570 | J14: 1752.29 | K14: 1753.83 | L14: 2850.69 | M14: 3587.13 | N14: 4455.43 | O14: 4621.5 | P14: 5205.0455 | Q14: 6873.1389 | R14: 8327.1858 | S14: 6985.9676 | T14: 6771.69 | U14: 5838.6922 | V14: 5052.0389
A15: Natural Gas Engine (7%) | B15: GWh | C15: 0 | D15: 0 | E15: 0 | F15: 0 | G15: 0 | H15: 0 | I15: 0 | J15: 0 | K15: 219.23 | L15: 356.34 | M15: 448.39 | N15: 556.93 | O15: 577.69 | P15: 650.63215 | Q15: 859.14429 | R15: 1040.9006 | S15: 873.24791 | T15: 0 | U15: 729.83652 | V15: 631.50486
A16: Large Hydro | B16: GWh | C16: 2986.31 | D16: 3308.76 | E16: 3589.87 | F16: 4031.34 | G16: 5212.17 | H16: 6148.15 | I16: 7496.8 | J16: 7697.84 | K16: 8713.03 | L16: 8790.99 | M16: 9359.79 | N16: 9714.72 | O16: 11161.26 | P16: 12359.13 | Q16: 10032.27 | R16: 8025.071 | S16: 9919.25 | T16: 9021.003 | U16: 9281.867 | V16: 8738.688
A17: Small Hydro | B17: GWh | C17: 0 | D17: 0 | E17: 0 | F17: 0 | G17: 0 | H17: 0 | I17: 0 | J17: 0 | K17: 0 | L17: 0 | M17: 0 | N17: 0 | O17: 0 | P17: 0 | Q17: 0 | R17: 0 | T17: 48.926
A18: Pumped Hydro Storage | B18: GWh
A19: Nuclear | B19: GWh
A20: Geothermal | B20: GWh | C20: 0 | D20: 0 | E20: 0 | F20: 0 | G20: 0 | H20: 0 | I20: 0 | J20: 0 | K20: 0 | L20: 0 | M20: 0 | N20: 0 | O20: 0 | P20: 0 | Q20: 0 | R20: 0 | S20: 0 | T20: 0 | U20: 0 | V20: 0
A21: Solar PV | B21: GWh | C21: 0 | D21: 0 | E21: 0 | F21: 0 | G21: 0 | H21: 0 | I21: 4.32 | J21: 4.32 | K21: 0 | L21: 0 | M21: 0 | N21: 0 | O21: 0 | P21: 11.8 | Q21: 67.92 | R21: 105.403 | S21: 111.858 | T21: 194.409 | U21: 387.667 | V21: 494.39425
A22: Solar Thermal | B22: GWh
A23: Ocean | B23: GWh
A24: Wind Turbine | B24: GWh | C24: 0 | D24: 0 | E24: 0 | F24: 0 | G24: 0 | H24: 0.02 | I24: 0 | J24: 0 | K24: 0 | L24: 0 | M24: 0 | N24: 0 | O24: 0 | P24: 0 | Q24: 0 | R24: 0 | S24: 0 | T24: 0 | U24: 0 | V24: 0
A25: Biomass Other | B25: GWh | C25: 0 | D25: 0 | E25: 0 | F25: 0 | G25: 0 | H25: 0 | I25: 0 | J25: 0 | K25: 0 | L25: 0 | M25: 0 | N25: 0 | O25: 0 | P25: 0 | Q25: 0 | R25: 0 | S25: 0 | T25: 0 | U25: 0 | V25: 0
A26: Biomass Gasification | B26: GWh
A27: Biomass Gasification with CCS | B27: GWh
A28: Biodiesel | B28: GWh
A29: Fuel Cell (Hydrogen) | B29: GWh
A30: Biogas | B30: GWh | C30: 0 | D30: 0 | E30: 0 | F30: 0 | G30: 0 | H30: 0 | I30: 0 | J30: 0 | K30: 0 | L30: 0 | M30: 0 | N30: 0 | O30: 0 | P30: 0 | Q30: 0 | R30: 0 | S30: 0 | T30: 0 | U30: 0 | V30: 0
A31: Battery | B31: GWh
A32: Others | B32: GWh
A33: Total | B33: GWh | C33: 5982.94 | D33: 6082.16 | E33: 6259.86 | F33: 6468.29 | G33: 6849.28 | H33: 8504.73 | I33: 10321.96 | J33: 10772.79 | K33: 12028.08 | L33: 14010.26 | M33: 15818.95 | N33: 17739.99 | O33: 19920.15 | P33: 22310.05 | Q33: 23202.73 | R33: 23730.963 | S33: 23282.248 | T33: 21538.844 | U33: 20953.293 | V33: 18982.521

Sheet Malaysia_HP
A1: Technology | B1: Unit | C1: 2005 | D1: 2006 | E1: 2007 | F1: 2008 | G1: 2009 | H1: 2010 | I1: 2011 | J1: 2012 | K1: 2013 | L1: 2014 | M1: 2015 | N1: 2016 | O1: 2017 | P1: 2018 | Q1: 2019 | R1: 2020 | S1: 2021 | T1: 2022 | U1: 2023 | V1: 2024
A2: Coal Subcritical | B2: GWh | C2: 24228 | D2: 26527 | E2: 32932 | F2: 36585 | G2: 44329 | H2: 47595 | I2: 48932 | J2: 52584 | K2: 50747 | L2: 50536 | M2: 52004 | N2: 51853 | O2: 51643 | P2: 61828.8 | Q2: 61128.8 | R2: 71100.288 | S2: 67867.326 | T2: 65777.6 | U2: 68496 | V2: 71604
A3: Coal Supercritical | B3: GWh | C3: 0 | D3: 0 | E3: 0 | F3: 0 | G3: 0 | H3: 0 | I3: 0 | J3: 0 | K3: 0 | L3: 0 | M3: 0 | N3: 0 | O3: 0 | P3: 0 | Q3: 0 | R3: 0 | S3: 0 | T3: 0 | U3: 0 | V3: 0
A4: Coal Ultrasupercritical (USC) | B4: GWh | C4: 0 | D4: 0 | E4: 0 | F4: 0 | G4: 0 | H4: 0 | I4: 0 | J4: 0 | K4: 0 | L4: 0 | M4: 4655 | N4: 11304 | O4: 14050 | P4: 15457.2 | Q4: 15282.2 | R4: 17775.072 | S4: 16966.831 | T4: 16444.4 | U4: 17124 | V4: 17901
A5: Coal with CCS | B5: GWh
A6: Coal based IGCC | B6: GWh
A7: Coal based IGCC with CCS | B7: GWh
A8: Oil based Gas Turbine | B8: GWh
A9: Diesel Oil | B9: GWh | C9: 1396 | D9: 1908 | E9: 1768 | F9: 1649 | G9: 1726 | H9: 1659 | I9: 9403 | J9: 6014 | K9: 5339 | L9: 3490 | M9: 1739 | N9: 1184 | O9: 1695 | P9: 929 | Q9: 1010 | R9: 845.96028 | S9: 975.21511 | T9: 2803 | U9: 2752 | V9: 1238
A10: Fuel Oil (Heavy Oil) | B10: GWh | C10: 0 | D10: 0 | E10: 0 | F10: 0 | G10: 0 | H10: 0 | I10: 0 | J10: 0 | K10: 0 | L10: 0 | M10: 0 | N10: 0 | O10: 0 | P10: 0 | Q10: 0 | R10: 0 | S10: 0 | T10: 0 | U10: 0 | V10: 0
A11: Other IGCC | B11: GWh
A12: Natural gas based Gas Turbine | B12: GWh | C12: 0 | D12: 0 | E12: 0 | F12: 0 | G12: 0 | H12: 0 | I12: 0 | J12: 0 | K12: 0 | L12: 0 | M12: 0 | N12: 0 | O12: 0 | P12: 0 | Q12: 0 | R12: 0 | S12: 0 | T12: 0 | U12: 0 | V12: 0
A13: Natural gas based IGCC | B13: GWh
A14: Combined Cycle Gas Turbine | B14: GWh | C14: 61396 | D14: 64768 | E14: 65568 | F14: 67779 | G14: 63370 | H14: 61342 | I14: 55732 | J14: 62699 | K14: 67761 | L14: 73836 | M14: 69962 | N14: 66833 | O14: 62131 | P14: 64053 | Q14: 72280 | R14: 53690.939 | S14: 58418.957 | T14: 70289 | U14: 74826 | V14: 75168
A15: Large Hydro | B15: GWh | C15: 6007 | D15: 6323 | E15: 5957 | F15: 7807 | G15: 6890 | H15: 6361 | I15: 8056 | J15: 9056 | K15: 10586 | L15: 13388 | M15: 13924 | N15: 20024 | O15: 26846 | P15: 26325 | Q15: 26196 | R15: 27299.327 | S15: 31105.086 | T15: 31934 | U15: 32014 | V15: 33697
A16: Small Hydro | B16: GWh
A17: Pumped Hydro Storage | B17: GWh
A18: Nuclear | B18: GWh
A19: Geothermal | B19: GWh | C19: 0 | D19: 0 | E19: 0 | F19: 0 | G19: 0 | H19: 0 | I19: 0 | J19: 0 | K19: 0 | L19: 0 | M19: 0 | N19: 0 | O19: 0 | P19: 0 | Q19: 0 | R19: 0 | S19: 0 | T19: 0 | U19: 0 | V19: 0
A20: Solar PV | B20: GWh | C20: 0 | D20: 0 | E20: 0 | F20: 0 | G20: 0 | H20: 0 | I20: 0 | J20: 47.2 | K20: 140.5 | L20: 226.9 | M20: 273.2 | N20: 310.5 | O20: 330.3 | P20: 632 | Q20: 1459 | R20: 2058.8548 | S20: 2101.5238 | T20: 3412 | U20: 4403 | V20: 6369
A21: Solar Thermal | B21: GWh
A22: Ocean | B22: GWh
A23: Wind Turbine | B23: GWh | C23: 0 | D23: 0 | E23: 0 | F23: 0 | G23: 0 | H23: 0 | I23: 0 | J23: 0 | K23: 0 | L23: 0 | M23: 0 | N23: 0 | O23: 0 | P23: 0 | Q23: 0 | R23: 0 | S23: 0 | T23: 0 | U23: 0 | V23: 0
A24: Biomass Other | B24: GWh | C24: 0 | D24: 0 | E24: 0 | F24: 0 | G24: 0 | H24: 0 | I24: 0 | J24: 792.5 | K24: 1108 | L24: 648.7 | M24: 685.6 | N24: 685.9 | O24: 611.3 | P24: 1141.9611 | Q24: 960.22788 | R24: 1042.5623 | S24: 1036.6341 | T24: 919 | U24: 1072 | V24: 1006
A25: Biomass Gasification | B25: GWh
A26: Biomass Gasification with CCS | B26: GWh
A27: Biodiesel | B27: GWh
A28: Fuel Cell (Hydrogen) | B28: GWh
A29: Biogas | B29: GWh | C29: 0 | D29: 0 | E29: 0 | F29: 0 | G29: 0 | H29: 0 | I29: 0 | J29: 8 | K29: 6.9 | L29: 15.4 | M29: 44.7 | N29: 38.6 | O29: 111.9 | P29: 209.03886 | Q29: 175.77212 | R29: 190.84364 | S29: 189.75847 | T29: 545 | U29: 580 | V29: 699
A30: Battery | B30: GWh
A31: Others | B31: GWh
A32: Gas Engine | B32: GWh
A33: Waste to Energy | B33: GWh | C33: 0 | D33: 0 | E33: 0 | F33: 0 | G33: 0 | H33: 0 | I33: 0 | J33: 0 | K33: 0 | L33: 0 | M33: 0 | N33: 0 | O33: 0 | P33: 0 | Q33: 0 | R33: 0 | S33: 0 | T33: 0 | U33: 0 | V33: 0
A34: Total | B34: GWh | C34: 93027 | D34: 99526 | E34: 106225 | F34: 113820 | G34: 116315 | H34: 116957 | I34: 122123 | J34: 131200.7 | K34: 135688.4 | L34: 142141 | M34: 143287.5 | N34: 152233 | O34: 157418.5 | P34: 170576 | Q34: 178492 | R34: 174003.85 | S34: 178661.33 | T34: 192124 | U34: 201267 | V34: 207682

Sheet Laos_HP
A1: Technology | B1: Unit | C1: 2005 | D1: 2006 | E1: 2007 | F1: 2008 | G1: 2009 | H1: 2010 | I1: 2011 | J1: 2012 | K1: 2013 | L1: 2014 | M1: 2015 | N1: 2016 | O1: 2017 | P1: 2018 | Q1: 2019 | R1: 2020 | S1: 2021 | T1: 2022 | U1: 2023 | V1: 2024
A2: Coal Subcritical | B2: GWh | C2: 0 | D2: 0 | E2: 0 | F2: 0 | G2: 0 | H2: 0 | I2: 0 | J2: 0 | K2: 0 | L2: 0 | M2: 2245.5 | N2: 7961.9 | O2: 10927.2 | P2: 13655.817 | Q2: 12958.612 | R2: 12900.652 | S2: 11881 | T2: 12179 | U2: 12179 | V2: 12366.501
A3: Coal Supercritical | B3: GWh | C3: 0 | D3: 0 | E3: 0 | F3: 0 | G3: 0 | H3: 0 | I3: 0 | J3: 0 | K3: 0 | L3: 0 | M3: 0 | N3: 0 | O3: 0 | P3: 0 | Q3: 0 | R3: 0 | S3: 0 | T3: 0 | U3: 0 | V3: 0
A4: Coal Ultrasupercritical (USC) | B4: GWh | C4: 0 | D4: 0 | E4: 0 | F4: 0 | G4: 0 | H4: 0 | I4: 0 | J4: 0 | K4: 0 | L4: 0 | M4: 0 | N4: 0 | O4: 0 | P4: 0 | Q4: 0 | R4: 0 | S4: 0 | T4: 0 | U4: 0 | V4: 0
A5: Coal with CCS | B5: GWh
A6: Coal based IGCC | B6: GWh
A7: Coal based IGCC with CCS | B7: GWh
A8: Oil based Gas Turbine | B8: GWh
A9: Diesel Oil | B9: GWh | C9: 0 | D9: 0 | E9: 0 | F9: 0 | G9: 0 | H9: 0 | I9: 0 | J9: 0 | K9: 0 | L9: 0 | M9: 0 | N9: 0 | O9: 0 | P9: 0 | Q9: 0 | R9: 0 | S9: 0 | T9: 0 | U9: 0 | V9: 0
A10: Fuel Oil (Heavy Oil) | B10: GWh
A11: Other IGCC | B11: GWh
A12: Natural gas based Gas Turbine | B12: GWh
A13: Natural gas based IGCC | B13: GWh
A14: Combined Cycle Gas Turbine | B14: GWh | C14: 0 | D14: 0 | E14: 0 | F14: 0 | G14: 0 | H14: 0 | I14: 0 | J14: 0 | K14: 0 | L14: 0 | M14: 0 | N14: 0 | O14: 0 | P14: 0 | Q14: 0 | R14: 0 | S14: 0 | T14: 0 | U14: 0 | V14: 0
A15: Large Hydro | B15: GWh | C15: 3510 | D15: 3595.8 | E15: 3373.6 | F15: 3717 | G15: 3384.3 | H15: 8449.01 | I15: 12980.1 | J15: 12760.1 | K15: 15506.5 | L15: 15633.3 | M15: 14252 | N15: 17348.5 | O15: 20361.4 | P15: 22998.909 | Q15: 20140.378 | R15: 29089.748 | S15: 32917 | T15: 38736 | U15: 37248.641 | V15: 40424.543
A16: Small Hydro | B16: GWh
A17: Pumped Hydro Storage | B17: GWh
A18: Nuclear | B18: GWh
A19: Geothermal | B19: GWh | C19: 0 | D19: 0 | E19: 0 | F19: 0 | G19: 0 | H19: 0 | I19: 0 | J19: 0 | K19: 0 | L19: 0 | M19: 0 | N19: 0 | O19: 0 | P19: 0 | Q19: 0 | R19: 0 | S19: 0 | T19: 0 | U19: 0 | V19: 0
A20: Solar PV | B20: GWh | C20: 0.41 | D20: 0.41 | E20: 0.41 | F20: 0.41 | G20: 0.57 | H20: 0.66 | I20: 0.64 | J20: 0.7 | K20: 0.82 | L20: 0.83 | M20: 1.14 | N20: 1.47 | O20: 8.98 | P20: 59.819507 | Q20: 41.32 | R20: 61.578079 | S20: 67 | T20: 79 | U20: 95.825338 | V20: 114.15641
A21: Solar Thermal | B21: GWh
A22: Ocean | B22: GWh
A23: Wind Turbine | B23: GWh | C23: 0 | D23: 0 | E23: 0 | F23: 0 | G23: 0 | H23: 0 | I23: 0 | J23: 0 | K23: 0 | L23: 0 | M23: 0 | N23: 0 | O23: 0 | P23: 0 | Q23: 0 | R23: 0 | S23: 0 | T23: 0 | U23: 0 | V23: 0
A24: Biomass Other | B24: GWh | C24: 0 | D24: 0 | E24: 0 | F24: 0 | G24: 0 | H24: 0 | I24: 0 | J24: 0 | K24: 5.4 | L24: 5.2 | M24: 3.56 | N24: 4.73 | O24: 26.16 | P24: 46.836735 | Q24: 48.265306 | R24: 58.178112 | S24: 48.7 | T24: 36 | U24: 27.589677 | V24: 39.442901
A25: Biomass Gasification | B25: GWh
A26: Biomass Gasification with CCS | B26: GWh
A27: Biodiesel | B27: GWh
A28: Fuel Cell (Hydrogen) | B28: GWh
A29: Biogas | B29: GWh | C29: 0 | D29: 0 | E29: 0 | F29: 0 | G29: 0 | H29: 0 | I29: 0 | J29: 0 | K29: 0 | L29: 0 | M29: 0 | N29: 0 | O29: 0 | P29: 0 | Q29: 0 | R29: 0 | S29: 0 | T29: 0 | U29: 0 | V29: 0
A30: Battery | B30: GWh
A31: Others | B31: GWh
A32: Total | B32: GWh | C32: 3510.41 | D32: 3596.21 | E32: 3374.01 | F32: 3717.41 | G32: 3384.87 | H32: 8449.67 | I32: 12980.74 | J32: 12760.8 | K32: 15512.72 | L32: 15639.33 | M32: 16502.2 | N32: 25316.6 | O32: 31323.74 | P32: 36761.382 | Q32: 33188.575 | R32: 42110.156 | S32: 44913.7 | T32: 51030 | U32: 49551.056 | V32: 52944.644

Sheet Indonesia_HP
A1: Technology | B1: Unit | C1: 2005 | D1: 2006 | E1: 2007 | F1: 2008 | G1: 2009 | H1: 2010 | I1: 2011 | J1: 2012 | K1: 2013 | L1: 2014 | M1: 2015 | N1: 2016 | O1: 2017 | P1: 2018 | Q1: 2019 | R1: 2020 | S1: 2021 | T1: 2022 | U1: 2023 | V1: 2024
A2: Coal Subcritical | B2: GWh | C2: 60864 | D2: 68103 | E2: 74269 | F2: 72680 | G2: 75804 | H2: 76392 | I2: 88815 | J2: 101552 | K2: 110888 | L2: 119071 | M2: 129416 | N2: 128695 | O2: 134538 | P2: 110035 | Q2: 119520 | R2: 113335 | S2: 113488 | T2: 114728 | U2: 112035 | V2: 114158
A3: Coal Supercritical | B3: GWh | C3: 0 | D3: 0 | E3: 0 | F3: 0 | G3: 0 | H3: 0 | I3: 0 | J3: 8175 | K3: 7311 | L3: 7419 | M3: 7383 | N3: 12978 | O3: 18129 | P3: 49978 | Q3: 54973 | R3: 67534 | S3: 76196 | T3: 90580 | U3: 104742 | V3: 114276
A4: Coal Ultrasupercritical (USC) | B4: GWh | C4: 0 | D4: 0 | E4: 0 | F4: 0 | G4: 0 | H4: 0 | I4: 0 | J4: 0 | K4: 0 | L4: 0 | M4: 0 | N4: 0 | O4: 0 | P4: 0 | Q4: 0 | R4: 0 | S4: 0 | T4: 0 | U4: 0 | V4: 0
A5: Coal with CCS | B5: GWh | P5: 0 | Q5: 0 | R5: 0 | S5: 0 | T5: 0 | U5: 0 | V5: 0
A6: Coal based IGCC | B6: GWh | P6: 0 | Q6: 0 | R6: 0 | S6: 0 | T6: 0 | U6: 0 | V6: 0
A7: Coal based IGCC with CCS | B7: GWh | P7: 0 | Q7: 0 | R7: 0 | S7: 0 | T7: 0 | U7: 0 | V7: 0
A8: Oil based Gas Turbine | B8: GWh | P8: 0 | Q8: 0 | R8: 0 | S8: 0 | T8: 0 | U8: 0 | V8: 0
A9: Diesel Oil | B9: GWh | C9: 9117 | D9: 9173 | E9: 8961 | F9: 10640 | G9: 10825 | H9: 12294 | I9: 16475 | J9: 19192 | K9: 19307 | L9: 22280 | M9: 19492 | N9: 19708 | O9: 18563 | P9: 17429 | Q9: 10456 | R9: 6730 | S9: 6423 | T9: 6080 | U9: 6482 | V9: 7037
A10: Fuel Oil (Heavy Oil) | B10: GWh | C10: 0 | D10: 0 | E10: 0 | F10: 0 | G10: 0 | H10: 0 | I10: 0 | J10: 0 | K10: 0 | L10: 0 | M10: 0 | N10: 0 | O10: 0 | P10: 0 | Q10: 0 | R10: 0 | S10: 0 | T10: 0 | U10: 0 | V10: 0
A11: Other IGCC | B11: GWh | P11: 0 | Q11: 0 | R11: 0 | S11: 0 | T11: 0 | U11: 0 | V11: 0
A12: Natural gas based Gas Turbine | B12: GWh | C12: 6412 | D12: 5818 | E12: 6662 | F12: 6957 | G12: 10343 | H12: 10884 | I12: 11664 | J12: 10001 | K12: 10487 | L12: 10712 | M12: 7997 | N12: 6512 | O12: 7119 | P12: 9957 | Q12: 9144 | R12: 6495 | S12: 7212 | T12: 6566 | U12: 5321 | V12: 6650
A13: Natural gas based IGCC | B13: GWh | P13: 0 | Q13: 0 | R13: 0 | S13: 0 | T13: 0 | U13: 0 | V13: 0
A14: Combined Cycle Gas Turbine | B14: GWh | C14: 33838 | D14: 33734 | E14: 34120 | F14: 39322 | G14: 39141 | H14: 43324 | I14: 44589 | J14: 39088 | K14: 41431 | L14: 43781 | M14: 44646 | N14: 48208 | O14: 44173 | P14: 43963 | Q14: 43154 | R14: 34143 | S14: 37975 | T14: 38475 | U14: 43614 | V14: 47699
A15: Large Hydro | B15: GWh | C15: 10725 | D15: 9623 | E15: 11286 | F15: 11528 | G15: 11384 | H15: 17456 | I15: 12419 | J15: 12799 | K15: 16923 | L15: 15161 | M15: 13741 | N15: 18677 | O15: 18632 | P15: 21613 | Q15: 21125 | R15: 24289 | S15: 24578 | T15: 27161 | U15: 24590 | V15: 27138
A16: Small Hydro | B16: GWh | C16: 0 | D16: 0 | E16: 0 | F16: 0 | G16: 0 | H16: 0 | I16: 0 | J16: 0 | K16: 0 | L16: 0 | M16: 0 | N16: 0 | O16: 0 | P16: 24 | Q16: 36 | R16: 36 | S16: 119 | T16: 134 | U16: 0 | V16: 152
A17: Pumped Hydro Storage | B17: GWh | P17: 0 | Q17: 0 | R17: 0 | S17: 0 | T17: 0 | U17: 0 | V17: 0
A18: Nuclear | B18: GWh | P18: 0 | Q18: 0 | R18: 0 | S18: 0 | T18: 0 | U18: 0 | V18: 0
A19: Geothermal | B19: GWh | C19: 6604 | D19: 6658 | E19: 7021 | F19: 8309 | G19: 9295 | H19: 9357 | I19: 9371 | J19: 9416 | K19: 9414 | L19: 10039 | M19: 10047 | N19: 10656 | O19: 12764 | P19: 14019 | Q19: 14100 | R19: 15563 | S19: 15899 | T19: 16677 | U19: 16936 | V19: 16763
A20: Solar PV | B20: GWh | C20: 0 | D20: 0 | E20: 0 | F20: 0 | G20: 0 | H20: 0.517 | I20: 0.773 | J20: 3.012 | K20: 5.497 | L20: 6.814 | M20: 5.277 | N20: 21.092 | O20: 29.05 | P20: 90.27 | Q20: 118.28 | R20: 170.97 | S20: 192.62 | T20: 443.73 | U20: 712.87 | V20: 1350.98
A21: Solar Thermal | B21: GWh | P21: 0 | Q21: 0 | R21: 0 | S21: 0 | T21: 0 | U21: 0 | V21: 0
A22: Ocean | B22: GWh | P22: 0 | Q22: 0 | R22: 0 | S22: 0 | T22: 0 | U22: 0 | V22: 0
A23: Wind Turbine | B23: GWh | C23: 0 | D23: 0 | E23: 0.02 | F23: 0.3 | G23: 3.7 | H23: 3.63 | I23: 4.7 | J23: 4.6 | K23: 0.1 | L23: 0 | M23: 3.7 | N23: 5.7 | O23: 0 | P23: 190 | Q23: 484 | R23: 475 | S23: 437 | T23: 356 | U23: 481 | V23: 467
A24: Biomass Other | B24: GWh | C24: 0 | D24: 0 | E24: 0 | F24: 0 | G24: 0 | H24: 0 | I24: 0 | J24: 0 | K24: 0 | L24: 0 | M24: 0 | N24: 0 | O24: 0 | P24: 15706 | Q24: 15283 | R24: 12984 | S24: 15254 | T24: 20442 | U24: 24326 | V24: 23938.01
A25: Biomass Gasification | B25: GWh | P25: 0 | Q25: 0 | R25: 0 | S25: 0 | T25: 0 | U25: 0 | V25: 0
A26: Biomass Gasification with CCS | B26: GWh | P26: 0 | Q26: 0 | R26: 0 | S26: 0 | T26: 0 | U26: 0 | V26: 0
A27: Biodiesel | B27: GWh | P27: 0 | Q27: 0 | R27: 0 | S27: 0 | T27: 0 | U27: 0 | V27: 0
A28: Fuel Cell (Hydrogen) | B28: GWh | P28: 0 | Q28: 0 | R28: 0 | S28: 0 | T28: 0 | U28: 0 | V28: 0
A29: Biogas | B29: GWh | C29: 0 | D29: 0 | E29: 0 | F29: 0 | G29: 0 | H29: 0 | I29: 0 | J29: 0 | K29: 0 | L29: 0 | M29: 0 | N29: 0 | O29: 0 | P29: 573 | Q29: 618 | R29: 799 | S29: 940 | T29: 1044 | U29: 1012 | V29: 1114
A30: Battery | B30: GWh | P30: 0 | Q30: 0 | R30: 0 | S30: 0 | T30: 0 | U30: 0 | V30: 0
A31: Others | B31: GWh | P31: 0 | Q31: 0 | R31: 0 | S31: 0 | T31: 0 | U31: 0 | V31: 0
A32: Gas Engine | B32: GWh | C32: 0 | D32: 0 | E32: 121 | F32: 0 | G32: 0 | H32: 74 | I32: 48 | J32: 55 | K32: 382 | L32: 51 | M32: 1233 | N32: 2451 | O32: 82 | P32: 198 | Q32: 6417 | R32: 9259 | S32: 10353 | T32: 10806 | U32: 10295 | V32: 10748
A33: Waste to Energy | B33: GWh | C33: 0 | D33: 0 | E33: 0 | F33: 0 | G33: 0 | H33: 0 | I33: 30.9 | J33: 30.9 | K33: 40.8 | L33: 35.5 | M33: 19.4 | N33: 5.9 | O33: 590.4 | P33: 0 | Q33: 21 | R33: 17 | S33: 11 | T33: 44 | U33: 61 | V33: 60
A34: Total | B34: GWh | C34: 127560 | D34: 133109 | E34: 142440.02 | F34: 149436.3 | G34: 156795.7 | H34: 169785.15 | I34: 183417.37 | J34: 200316.51 | K34: 216189.4 | L34: 228556.31 | M34: 233983.38 | N34: 247917.69 | O34: 254619.45 | P34: 283775.27 | Q34: 295449.28 | R34: 291829.97 | S34: 309077.62 | T34: 333536.73 | U34: 350607.87 | V34: 371550.99

Sheet Cambodia_HP
A1: Technology | B1: Unit | C1: 2005 | D1: 2006 | E1: 2007 | F1: 2008 | G1: 2009 | H1: 2010 | I1: 2011 | J1: 2012 | K1: 2013 | L1: 2014 | M1: 2015 | N1: 2016 | O1: 2017 | P1: 2018 | Q1: 2019 | R1: 2020 | S1: 2021 | T1: 2022 | U1: 2023 | V1: 2024
A2: Coal Subcritical | B2: GWh | C2: 0 | D2: 0 | E2: 0 | F2: 23.36 | G2: 28.03 | H2: 32.08 | I2: 46.5 | J2: 37.42 | K2: 168.75 | L2: 863.02 | M2: 2210.14 | N2: 2551.17 | O2: 3569.01 | P2: 3362 | Q2: 4107 | R2: 4311 | S2: 3455.6 | T2: 3664.67 | U2: 7665.13 | V2: 9208.88
A3: Coal Supercritical | B3: GWh | C3: 0 | D3: 0 | E3: 0 | F3: 0 | G3: 0 | H3: 0 | I3: 0 | J3: 0 | K3: 0 | L3: 0 | M3: 0 | N3: 0 | O3: 0 | P3: 0 | Q3: 0 | R3: 0 | S3: 0 | T3: 0
A4: Coal Ultrasupercritical (USC) | B4: GWh | C4: 0 | D4: 0 | E4: 0 | F4: 0 | G4: 0 | H4: 0 | I4: 0 | J4: 0 | K4: 0 | L4: 0 | M4: 0 | N4: 0 | O4: 0 | P4: 0 | Q4: 0 | R4: 0 | S4: 0 | T4: 0
A5: Coal with CCS | B5: GWh
A6: Coal based IGCC | B6: GWh
A7: Coal based IGCC with CCS | B7: GWh
A8: Oil based Gas Turbine | B8: GWh
A9: Diesel Oil | B9: GWh | C9: 21 | D9: 24 | E9: 36 | F9: 38 | G9: 42 | H9: 41 | I9: 38 | J9: 40 | K9: 28 | L9: 28 | M9: 94 | N9: 16 | O9: 10 | P9: 0 | Q9: 0 | R9: 0 | S9: 0 | T9: 0
A10: Fuel Oil (Heavy Oil) | B10: GWh | C10: 815 | D10: 1011 | E10: 1258 | F10: 1372 | G10: 1111 | H10: 858 | I10: 871 | J10: 816 | K10: 551 | L10: 299 | M10: 118 | N10: 362 | O10: 381 | P10: 302 | Q10: 739 | R10: 451 | S10: 553.64 | T10: 351.14 | U10: 53.28 | V10: 532.42
A11: Other IGCC | B11: GWh
A12: Natural gas based Gas Turbine | B12: GWh
A13: Natural gas based IGCC | B13: GWh
A14: Combined Cycle Gas Turbine | B14: GWh
A15: Large Hydro | B15: GWh | C15: 43.54 | D15: 50.61 | E15: 49.71 | F15: 46.28 | G15: 47.43 | H15: 31.73 | I15: 51.52 | J15: 517.37 | K15: 1015.54 | L15: 1851.6 | M15: 1988.38 | N15: 2619.11 | O15: 2711.14 | P15: 4832 | Q15: 4106 | R15: 3937 | S15: 5043.94 | T15: 5557.55 | U15: 7333.41 | V15: 7227.78
A16: Small Hydro | B16: GWh
A17: Pumped Hydro Storage | B17: GWh
A18: Nuclear | B18: GWh
A19: Geothermal | B19: GWh | C19: 0 | D19: 0 | E19: 0 | F19: 0 | G19: 0 | H19: 0 | I19: 0 | J19: 0 | K19: 0 | L19: 0 | M19: 0 | N19: 0 | O19: 0 | P19: 0 | Q19: 0 | R19: 0 | S19: 0 | T19: 0
A20: Solar PV | B20: GWh | C20: 0 | D20: 0 | E20: 0 | F20: 0 | G20: 0 | H20: 0 | I20: 0 | J20: 0 | K20: 0 | L20: 0 | M20: 0 | N20: 0 | O20: 4.66 | P20: 16 | Q20: 92 | R20: 290 | S20: 609.96 | T20: 687.87 | U20: 805.06 | V20: 1278.96
A21: Solar Thermal | B21: GWh
A22: Ocean | B22: GWh
A23: Wind Turbine | B23: GWh | C23: 0 | D23: 0 | E23: 0 | F23: 0 | G23: 0 | H23: 0 | I23: 0 | J23: 0 | K23: 0 | L23: 0 | M23: 0 | N23: 0 | O23: 0 | P23: 0 | Q23: 0 | R23: 0 | S23: 0 | T23: 0
A24: Biomass Other | B24: GWh | C24: 0.12 | D24: 1.68 | E24: 5.25 | F24: 4.53 | G24: 6.49 | H24: 5.82 | I24: 11.91 | J24: 11.75 | K24: 6.68 | L24: 16.79 | M24: 38.04 | N24: 43.35 | O24: 51.87 | P24: 64 | Q24: 92 | R24: 66 | S24: 49.63 | T24: 51.63 | U24: 62.93 | V24: 66.66
A25: Biomass Gasification | B25: GWh
A26: Biomass Gasification with CCS | B26: GWh
A27: Biodiesel | B27: GWh
A28: Fuel Cell (Hydrogen) | B28: GWh
A29: Biogas | B29: GWh
A30: Battery | B30: GWh
A31: Others | B31: GWh
A32: Gas Engine | B32: GWh
A33: Waste to Energy | B33: GWh
A34: Total | B34: GWh | C34: 879.66 | D34: 1087.29 | E34: 1348.96 | F34: 1484.17 | G34: 1234.95 | H34: 968.63 | I34: 1018.93 | J34: 1422.54 | K34: 1769.97 | L34: 3058.41 | M34: 4448.56 | N34: 5591.63 | O34: 6727.68 | P34: 8576 | Q34: 9136 | R34: 9055 | S34: 9712.77 | T34: 10312.86 | U34: 15919.81 | V34: 18314.7

Sheet Brunei_HP
A1: Technology | B1: Unit | C1: 2005 | D1: 2006 | E1: 2007 | F1: 2008 | G1: 2009 | H1: 2010 | I1: 2011 | J1: 2012 | K1: 2013 | L1: 2014 | M1: 2015 | N1: 2016 | O1: 2017 | P1: 2018 | Q1: 2019 | R1: 2020 | S1: 2021 | T1: 2022 | U1: 2023 | V1: 2024
A2: Coal Subcritical | B2: GWh
A3: Coal Supercritical | B3: GWh
A4: Coal Ultrasupercritical (USC) | B4: GWh
A5: Coal with CCS | B5: GWh
A6: Coal based IGCC | B6: GWh | Q6: 484.0827 | R6: 914.47981 | S6: 1241.882 | T6: 1207.644 | U6: 1144.308 | V6: 1190.072
A7: Coal based IGCC with CCS | B7: GWh
A8: Oil based Gas Turbine | B8: GWh
A9: Diesel Oil | B9: GWh | C9: 28.6 | D9: 30.6 | E9: 32.8 | F9: 33.3 | G9: 36.6 | H9: 37.9 | I9: 37.4 | J9: 37.8 | K9: 38.1 | L9: 39.6 | M9: 42.4 | N9: 45.2 | O9: 45.5 | P9: 46.875082 | Q9: 48.8701 | R9: 39.903941 | S9: 36.385892 | T9: 45.768235 | U9: 41.724482 | V9: 42.494313
A10: Fuel Oil (Heavy Oil) | B10: GWh
A11: Other IGCC | B11: GWh
A12: Natural gas based Gas Turbine | B12: GWh | C12: 2491.26 | D12: 2592.23 | E12: 2656.1 | F12: 2700.989 | G12: 2739.3 | H12: 2715.5 | I12: 2483.5 | J12: 2582.9 | K12: 2684.9 | L12: 2749.8 | M12: 2845.4 | N12: 2836.1 | O12: 2721.936 | P12: 2664.3833 | Q12: 2693.411 | R12: 2654.898 | S12: 2710.998 | T12: 2491.5991 | U12: 2581.808 | V12: 2798.774
A13: Natural gas based IGCC | B13: GWh
A14: Combined Cycle Gas Turbine | B14: GWh | C14: 618.6 | D14: 659.4 | E14: 705.9 | F14: 693 | G14: 850.5 | H14: 1038.8 | I14: 1202.1 | J14: 1307.9 | K14: 1238.8 | L14: 1265.2 | M14: 1311 | N14: 1388.6 | O14: 1388.378 | P14: 1580.747 | Q14: 1706.877 | R14: 1813.802 | S14: 1706.045 | T14: 1852.153 | U14: 1837.731 | V14: 1776.212
A15: Large Hydro | B15: GWh
A16: Small Hydro | B16: GWh
A17: Pumped Hydro Storage | B17: GWh
A18: Nuclear | B18: GWh
A19: Geothermal | B19: GWh
A20: Solar PV | B20: GWh | M20: 1.29343 | N20: 1.1 | O20: 1.5453633 | P20: 1.5690217 | Q20: 1.0583202 | R20: 0.9831022 | S20: 4.4298973 | T20: 5.0871643 | U20: 5.5786029 | V20: 4.8223759
A21: Solar Thermal | B21: GWh
A22: Ocean | B22: GWh
A23: Wind Turbine | B23: GWh
A24: Biomass Other | B24: GWh
A25: Biomass Gasification | B25: GWh
A26: Biomass Gasification with CCS | B26: GWh
A27: Biodiesel | B27: GWh
A28: Fuel Cell (Hydrogen) | B28: GWh
A29: Biogas | B29: GWh
A30: Battery | B30: GWh
A31: Others | B31: GWh
A32: Gas Engine | B32: GWh
A33: Waste to Energy | B33: GWh
A34: Total | B34: GWh | C34: 3138.46 | D34: 3282.23 | E34: 3394.8 | F34: 3427.289 | G34: 3626.4 | H34: 3792.2 | I34: 3723 | J34: 3928.6 | K34: 3961.8 | L34: 4054.6 | M34: 4200.0934 | N34: 4271 | O34: 4157.3594 | P34: 4293.5744 | Q34: 4934.2991 | R34: 5424.0669 | S34: 5699.7408 | T34: 5602.2515 | U34: 5611.1501 | V34: 5812.3747

Sheet LEAP
E1: Area: | F1: aeo9_v0.34_YY | G1: Ver: | H1: 2
A3: BranchID | B3: VariableID | C3: ScenarioID | D3: RegionID | E3: Branch Path | F3: Variable | G3: Scenario | H3: Region | I3: Scale | J3: Units | K3: Per... | L3: Method | M3: 2005 | N3: 2006 | O3: 2007 | P3: 2008 | Q3: 2009 | R3: 2010 | S3: 2011 | T3: 2012 | U3: 2013 | V3: 2014 | W3: 2015 | X3: 2016 | Y3: 2017 | Z3: 2018 | AA3: 2019 | AB3: 2020 | AC3: 2021 | AD3: 2022 | AE3: 2023 | AF3: 2024
A4: 2720 | B4: 2148 | C4: 1 | D4: 15 | E4: Transformation\Centralized Electricity Generation\Processes\Coal Subcritical | F4: Historical Production | G4: Current Accounts | H4: Brunei | J4: Gigawatt-Hour | L4: Interp | M4: 0 | N4: 0 | O4: 0 | P4: 0 | Q4: 0 | R4: 0 | S4: 0 | T4: 0 | U4: 0 | V4: 0 | W4: 0 | X4: 0 | Y4: 0 | Z4: 0 | AA4: 0 | AB4: 0 | AC4: 0 | AD4: 0 | AE4: 0 | AF4: 0
A5: 2720 | B5: 1593 | C5: 1 | D5: 15 | E5: Transformation\Centralized Electricity Generation\Processes\Coal Subcritical | F5: Existing Capacity | G5: Current Accounts | H5: Brunei | J5: MW | L5: Interp | M5: 0 | N5: 0 | O5: 0 | P5: 0 | Q5: 0 | R5: 0 | S5: 0 | T5: 0 | U5: 0 | V5: 0 | W5: 0 | X5: 0 | Y5: 0 | Z5: 0 | AA5: 0 | AB5: 0 | AC5: 0 | AD5: 0 | AE5: 0 | AF5: 0
A6: 2720 | B6: 2148 | C6: 1 | D6: 6 | E6: Transformation\Centralized Electricity Generation\Processes\Coal Subcritical | F6: Historical Production | G6: Current Accounts | H6: Cambodia | J6: Gigawatt-Hour | L6: Interp | M6: 0 | N6: 0 | O6: 0 | P6: 23.36 | Q6: 28.03 | R6: 32.08 | S6: 46.5 | T6: 37.42 | U6: 168.75 | V6: 863.02 | W6: 2210.14 | X6: 2551.17 | Y6: 3569.01 | Z6: 3362 | AA6: 4107 | AB6: 4311 | AC6: 3455.6 | AD6: 3664.67 | AE6: 7665.1 | AF6: 8895.1
A7: 2720 | B7: 1593 | C7: 1 | D7: 6 | E7: Transformation\Centralized Electricity Generation\Processes\Coal Subcritical | F7: Existing Capacity | G7: Current Accounts | H7: Cambodia | J7: MW | L7: Interp | M7: 0 | N7: 0 | O7: 0 | P7: 13 | Q7: 13 | R7: 13 | S7: 13 | T7: 13 | U7: 113 | V7: 268 | W7: 403 | X7: 429.2 | Y7: 538 | Z7: 551 | AA7: 709 | AB7: 675 | AC7: 675 | AD7: 1025 | AE7: 1300 | AF7: 1300
A8: 2720 | B8: 2148 | C8: 1 | D8: 1 | E8: Transformation\Centralized Electricity Generation\Processes\Coal Subcritical | F8: Historical Production | G8: Current Accounts | H8: Indonesia | J8: Gigawatt-Hour | L8: Interp | M8: 60864 | N8: 68103 | O8: 74269 | P8: 72680 | Q8: 75804 | R8: 76392 | S8: 88815 | T8: 101552 | U8: 110888 | V8: 119071 | W8: 129416 | X8: 128695 | Y8: 134538 | Z8: 110035 | AA8: 119520 | AB8: 113335 | AC8: 113762 | AD8: 114728 | AE8: 112035 | AF8: 114158
A9: 2720 | B9: 1593 | C9: 1 | D9: 1 | E9: Transformation\Centralized Electricity Generation\Processes\Coal Subcritical | F9: Existing Capacity | G9: Current Accounts | H9: Indonesia | J9: MW | L9: Interp | M9: 9750 | N9: 11170 | O9: 12014 | P9: 12294 | Q9: 12594 | R9: 12981.5 | S9: 16359 | T9: 16805 | U9: 20868.53 | V9: 22160.23 | W9: 24285.73 | X9: 24388.23 | Y9: 23396.2 | Z9: 28178.17 | AA9: 31328.17 | AB9: 33258.86 | AC9: 33627.36 | AD9: 42635.26 | AE9: 49756.37 | AF9: 54338.84
A10: 2720 | B10: 2148 | C10: 1 | D10: 13 | E10: Transformation\Centralized Electricity Generation\Processes\Coal Subcritical | F10: Historical Production | G10: Current Accounts | H10: Laos | J10: Gigawatt-Hour | L10: Interp | M10: 0 | N10: 0 | O10: 0 | P10: 0 | Q10: 0 | R10: 0 | S10: 0 | T10: 0 | U10: 0 | V10: 0 | W10: 2246 | X10: 7962 | Y10: 10927 | Z10: 13656 | AA10: 12959 | AB10: 12901 | AC10: 11881 | AD10: 12179 | AE10: 12179 | AF10: 12367
A11: 2720 | B11: 1593 | C11: 1 | D11: 13 | E11: Transformation\Centralized Electricity Generation\Processes\Coal Subcritical | F11: Existing Capacity | G11: Current Accounts | H11: Laos | J11: MW | L11: Interp | M11: 0 | N11: 0 | O11: 0 | P11: 0 | Q11: 0 | R11: 0 | S11: 0 | T11: 0 | U11: 0 | V11: 0 | W11: 1878 | X11: 1878 | Y11: 1878 | Z11: 1878 | AA11: 1878 | AB11: 1878 | AC11: 1878 | AD11: 1878 | AE11: 1878 | AF11: 1878
A12: 2720 | B12: 2148 | C12: 1 | D12: 17 | E12: Transformation\Centralized Electricity Generation\Processes\Coal Subcritical | F12: Historical Production | G12: Current Accounts | H12: Malaysia | J12: Gigawatt-Hour | L12: Interp | M12: 24228 | N12: 26527 | O12: 32932 | P12: 36585 | Q12: 44329 | R12: 47595 | S12: 48932 | T12: 52584 | U12: 50747 | V12: 50536 | W12: 52004 | X12: 51853 | Y12: 51643 | Z12: 61828.8 | AA12: 61128.8 | AB12: 71100.29 | AC12: 67867.33 | AD12: 65777.6 | AE12: 68496 | AF12: 71604
A13: 2720 | B13: 1593 | C13: 1 | D13: 17 | E13: Transformation\Centralized Electricity Generation\Processes\Coal Subcritical | F13: Existing Capacity | G13: Current Accounts | H13: Malaysia | J13: MW | L13: Interp | M13: 3900 | N13: 4610 | O13: 6010 | P13: 6145 | Q13: 6755 | R13: 7650 | S13: 7680 | T13: 7680 | U13: 7680 | V13: 7680 | W13: 7536 | X13: 8536 | Y13: 8536 | Z13: 8628.27 | AA13: 10397.63 | AB13: 10752.15 | AC13: 10563.56 | AD13: 10658.29 | AE13: 10756.8 | AF13: 10756.8
A14: 2720 | B14: 2148 | C14: 1 | D14: 12 | E14: Transformation\Centralized Electricity Generation\Processes\Coal Subcritical | F14: Historical Production | G14: Current Accounts | H14: Myanmar | J14: Gigawatt-Hour | L14: Interp | M14: 232.66 | N14: 382.21 | O14: 401.82 | P14: 198.39 | Q14: 228.95 | R14: 365.91 | S14: 292.13 | T14: 241.71 | U14: 125.6 | V14: 66.1 | W14: 0 | X14: 9.3 | Y14: 438.67 | Z14: 561.69 | AA14: 692.96 | AB14: 554.12 | AC14: 356.13 | AD14: 705.34 | AE14: 759.46 | AF14: 632.79
A15: 2720 | B15: 1593 | C15: 1 | D15: 12 | E15: Transformation\Centralized Electricity Generation\Processes\Coal Subcritical | F15: Existing Capacity | G15: Current Accounts | H15: Myanmar | J15: MW | L15: Interp | M15: 120 | N15: 120 | O15: 120 | P15: 120 | Q15: 120 | R15: 120 | S15: 120 | T15: 120 | U15: 120 | V15: 120 | W15: 120 | X15: 120 | Y15: 120 | Z15: 120 | AA15: 120 | AB15: 120 | AC15: 120 | AD15: 138 | AE15: 190 | AF15: 190
... A803: 14414 | B803: 1593 | C803: 1 | D803: 14 | E803: Transformation\Centralized Electricity Generation\Processes\Unmet Load | F803: Existing Capacity | G803: Current Accounts | H803: Vietnam | J803: MW | L803: Interp | M803: 0 | N803: 0 | O803: 0 | P803: 0 | Q803: 0 | R803: 0 | S803: 0 | T803: 0 | U803: 0 | V803: 0 | W803: 0 | X803: 0 | Y803: 0 | Z803: 0 | AA803: 0 | AB803: 0 | AC803: 0 | AD803: 0 | AE803: 0 | AF803: 0

Sheet Input_to_LEAP
A1: Country | B1: Variable | C1: Unit | D1: Branch Path | E1: {=_xlfn.SEQUENCE(,20,2005)} -> 2005 | F1: 2006 | G1: 2007 | H1: 2008 | I1: 2009 | J1: 2010 | K1: 2011 | L1: 2012 | M1: 2013 | N1: 2014 | O1: 2015 | P1: 2016 | Q1: 2017 | R1: 2018 | S1: 2019 | T1: 2020 | U1: 2021 | V1: 2022 | W1: 2023 | X1: 2024
A2: Brunei | B2: Existing Capacity | C2: =IF(B2="Existing Capacity", "MW", "GWh") -> MW | D2: {=_xlfn.LET(_xlpm.country,A2, _xlpm.table,INDIRECT(IF(B2="Existing Capacity",_xlpm.country,_xlpm.country&"_HP")), _xlpm.val,_xlfn._xlws.FILTER(_xlfn.HSTACK(leap[Branch Path],leap[[2005]:[2024]]),(leap[Region]=A2)*(leap[Variable]=B2)), _xlpm.fval,_xlfn._xlws.FILTER(_xlpm.val,_xlfn.BYROW(_xlfn.DROP(_xlpm.val,,1),_xleta.SUM)>0), _xlpm.fuel,_xlfn.TEXTAFTER(_xlfn.TAKE(_xlpm.fval,,1),"\",3), _xlpm.mapping,VLOOKUP(_xlpm.fuel,Mapping!$B$3:$L$42,MATCH(_xlpm.country,AMS,0)+1,0), _xlpm.id,_xlfn.MAP(MATCH(_xlpm.mapping,_xlfn.TAKE(_xlpm.table,,1),0),_xlfn.LAMBDA(_xlpm.x,IFERROR(_xlpm.x,30))), _xlpm.fuel_val,_xlfn.DROP(_xlfn.CHOOSEROWS(_xlpm.table,_xlpm.id),,2), _xlfn.HSTACK(_xlfn.TAKE(_xlpm.fval,,1),_xlpm.fuel_val))} -> Transformation\Centralized Electricity Generation\Processes\Coal IGCC | E2: 0 | F2: 0 | G2: 0 | H2: 0 | I2: 0 | J2: 0 | K2: 0 | L2: 0 | M2: 0 | N2: 0 | O2: 0 | P2: 0 | Q2: 0 | R2: 0 | S2: 254 | T2: 254 | U2: 254 | V2: 254 | W2: 254 | X2: 254 | AB2: {=_xlfn.UNIQUE(_xlfn.TEXTAFTER(_xlfn._xlws.FILTER(D:D,A:A="Malaysia"),"\",3))} -> Coal Subcritical
A3: {=_xlfn.TOCOL(IF(_xlfn.SEQUENCE(, ROWS(_xlfn.ANCHORARRAY(D2))-1)<=ROWS(_xlfn.ANCHORARRAY(D2))-1,A2,NA()))} -> Brunei | B3: {=_xlfn.TOCOL(IF(_xlfn.SEQUENCE(, ROWS(_xlfn.ANCHORARRAY(D2))-1)<=ROWS(_xlfn.ANCHORARRAY(D2))-1,B2,NA()))} -> Existing Capacity | C3: {=_xlfn.TOCOL(IF(_xlfn.SEQUENCE(, ROWS(_xlfn.ANCHORARRAY(D2))-1)<=ROWS(_xlfn.ANCHORARRAY(D2))-1,C2,NA()))} -> MW | D3: Transformation\Centralized Electricity Generation\Processes\Diesel | E3: 13.5 | F3: 13.5 | G3: 13.5 | H3: 13.5 | I3: 13.5 | J3: 15 | K3: 14 | L3: 14 | M3: 14 | N3: 14 | O3: 12 | P3: 12 | Q3: 12 | R3: 12 | S3: 12 | T3: 12 | U3: 15 | V3: 15 | W3: 15 | X3: 15 | AB3: Coal Ultrasupercritical
A4: Brunei | B4: Existing Capacity | C4: MW | D4: Transformation\Centralized Electricity Generation\Processes\Gas Turbine | E4: 567.43 | F4: 566.97 | G4: 566.59 | H4: 569.04 | I4: 569.71 | J4: 576.95 | K4: 583.95 | L4: 605.95 | M4: 607.49 | N4: 610.39 | O4: 613.99 | P4: 613.99 | Q4: 613.99 | R4: 613.73 | S4: 627.73 | T4: 627.73 | U4: 669.43 | V4: 669.43 | W4: 669.43 | X4: 669.43 | AB4: Diesel
A5: Brunei | B5: Existing Capacity | C5: MW | D5: Transformation\Centralized Electricity Generation\Processes\Gas Combined Cycle | E5: 180 | F5: 180 | G5: 296 | H5: 296 | I5: 296 | J5: 296 | K5: 296 | L5: 296 | M5: 296 | N5: 296 | O5: 296 | P5: 331 | Q5: 366 | R5: 366 | S5: 366 | T5: 366 | U5: 366 | V5: 366 | W5: 366 | X5: 366 | AB5: Gas Combined Cycle
A6: Brunei | B6: Existing Capacity | C6: MW | D6: Transformation\Centralized Electricity Generation\Processes\Solar PV | E6: 0 | F6: 0 | G6: 0 | H6: 0 | I6: 0 | J6: 1 | K6: 1 | L6: 1 | M6: 1 | N6: 1 | O6: 1 | P6: 1 | Q6: 1 | R6: 1.2 | S6: 1.2 | T6: 1.2 | U6: 4.5 | V6: 4.5 | W6: 4.5 | X6: 6.8 | AB6: Large Hydro
A7: Cambodia | B7: Existing Capacity | C7: =IF(B7="Existing Capacity", "MW", "GWh") -> MW | D7: {=_xlfn.LET(_xlpm.country,A7, _xlpm.table,INDIRECT(IF(B7="Existing Capacity",_xlpm.country,_xlpm.country&"_HP")), _xlpm.val,_xlfn._xlws.FILTER(_xlfn.HSTACK(leap[Branch Path],leap[[2005]:[2024]]),(leap[Region]=A7)*(leap[Variable]=B7)), _xlpm.fval,_xlfn._xlws.FILTER(_xlpm.val,_xlfn.BYROW(_xlfn.DROP(_xlpm.val,,1),_xleta.SUM)>0), _xlpm.fuel,_xlfn.TEXTAFTER(_xlfn.TAKE(_xlpm.fval,,1),"\",3), _xlpm.mapping,VLOOKUP(_xlpm.fuel,Mapping!$B$3:$L$42,MATCH(_xlpm.country,AMS,0)+1,0), _xlpm.id,_xlfn.MAP(MATCH(_xlpm.mapping,_xlfn.TAKE(_xlpm.table,,1),0),_xlfn.LAMBDA(_xlpm.x,IFERROR(_xlpm.x,30))), _xlpm.fuel_val,_xlfn.DROP(_xlfn.CHOOSEROWS(_xlpm.table,_xlpm.id),,2), _xlfn.HSTACK(_xlfn.TAKE(_xlpm.fval,,1),_xlpm.fuel_val))} -> Transformation\Centralized Electricity Generation\Processes\Coal Subcritical | E7: 0 | F7: 0 | G7: 0 | H7: 13 | I7: 13 | J7: 13 | K7: 13 | L7: 13 | M7: 113 | N7: 268 | O7: 403 | P7: 429.2 | Q7: 538 | R7: 551 | S7: 709 | T7: 675 | U7: 675 | V7: 1025 | W7: 1300 | X7: 1300 | AB7: Solar PV
A8: {=_xlfn.TOCOL(IF(_xlfn.SEQUENCE(, ROWS(_xlfn.ANCHORARRAY(D7))-1)<=ROWS(_xlfn.ANCHORARRAY(D7))-1,A7,NA()))} -> Cambodia | B8: {=_xlfn.TOCOL(IF(_xlfn.SEQUENCE(, ROWS(_xlfn.ANCHORARRAY(D7))-1)<=ROWS(_xlfn.ANCHORARRAY(D7))-1,B7,NA()))} -> Existing Capacity | C8: {=_xlfn.TOCOL(IF(_xlfn.SEQUENCE(, ROWS(_xlfn.ANCHORARRAY(D7))-1)<=ROWS(_xlfn.ANCHORARRAY(D7))-1,C7,NA()))} -> MW | D8: Transformation\Centralized Electricity Generation\Processes\Diesel | E8: 20 | F8: 20 | G8: 35 | H8: 43 | I8: 38 | J8: 39 | K8: 57 | L8: 54 | M8: 59 | N8: 34 | O8: 40 | P8: 40 | Q8: 13 | R8: 0 | S8: 0 | T8: 0 | U8: 0 | V8: 0 | W8: 0 | X8: 0 | AB8: Biomass Other
A9: Cambodia | B9: Existing Capacity | C9: MW | D9: Transformation\Centralized Electricity Generation\Processes\Fuel Oil | E9: 199 | F9: 262 | G9: 262 | H9: 310 | I9: 302 | J9: 289 | K9: 285 | L9: 267 | M9: 266 | N9: 257 | O9: 218 | P9: 274 | Q9: 251 | R9: 267 | S9: 270 | T9: 659 | U9: 619.6 | V9: 642.6 | W9: 400 | X9: 400 | AB9: Biogas
A10: Cambodia | B10: Existing Capacity | C10: MW | D10: Transformation\Centralized Electricity Generation\Processes\Large Hydro | E10: 12.96 | F10: 12.96 | G10: 12.96 | H10: 13.386 | I10: 13.35 | J10: 13.33 | K10: 207.06 | L10: 225.43 | M10: 682.1 | N10: 682.1 | O10: 927 | P10: 929.7 | Q10: 979.7 | R10: 1330 | S10: 1330 | T10: 1330 | U10: 1329.7 | V10: 1331.7 | W10: 1791 | X10: 1796 | AB10: Coal Subcritical_MYPE
A11: Cambodia | B11: Existing Capacity | C11: MW | D11: Transformation\Centralized Electricity Generation\Processes\Solar PV | E11: 0 | F11: 0 | G11: 0 | H11: 0 | I11: 0 | J11: 0 | K11: 0 | L11: 0 | M11: 0 | N11: 0 | O11: 0 | P11: 0 | Q11: 10 | R11: 10 | S11: 105 | T11: 297 | U11: 356.8 | V11: 436.8 | W11: 437 | X11: 966 | AB11: Diesel_MYPE
A12: Cambodia | B12: Existing Capacity | C12: MW | D12: Transformation\Centralized Electricity Generation\Processes\Biomass Other | E12: 0.102 | F12: 4.512 | G12: 4.602 | H12: 5.092 | I12: 5.776 | J12: 5.776 | K12: 6.5 | L12: 22.5 | M12: 22.5 | N12: 22.64 | O12: 16.57 | P12: 51.27 | Q12: 64.77 | R12: 29 | S12: 29 | T12: 29 | U12: 28.57 | V12: 28.57 | W12: 49 | X12: 49 | AB12: Gas Combined Cycle_MYPE
A13: Indonesia | B13: Existing Capacity | C13: =IF(B13="Existing Capacity", "MW", "GWh") -> MW | D13: {=_xlfn.LET(_xlpm.country,A13, _xlpm.table,INDIRECT(IF(B13="Existing Capacity",_xlpm.country,_xlpm.country&"_HP")), _xlpm.val,_xlfn._xlws.FILTER(_xlfn.HSTACK(leap[Branch Path],leap[[2005]:[2024]]),(leap[Region]=A13)*(leap[Variable]=B13)), _xlpm.fval,_xlfn._xlws.FILTER(_xlpm.val,_xlfn.BYROW(_xlfn.DROP(_xlpm.val,,1),_xleta.SUM)>0), _xlpm.fuel,_xlfn.TEXTAFTER(_xlfn.TAKE(_xlpm.fval,,1),"\",3), _xlpm.mapping,VLOOKUP(_xlpm.fuel,Mapping!$B$3:$L$42,MATCH(_xlpm.country,AMS,0)+1,0), _xlpm.id,_xlfn.MAP(MATCH(_xlpm.mapping,_xlfn.TAKE(_xlpm.table,,1),0),_xlfn.LAMBDA(_xlpm.x,IFERROR(_xlpm.x,30))), _xlpm.fuel_val,_xlfn.DROP(_xlfn.CHOOSEROWS(_xlpm.table,_xlpm.id),,2), _xlfn.HSTACK(_xlfn.TAKE(_xlpm.fval,,1),_xlpm.fuel_val))} -> Transformation\Centralized Electricity Generation\Processes\Coal Subcritical | E13: 9750 | F13: 11170 | G13: 12014 | H13: 12294 | I13: 12594 | J13: 12981.5 | K13: 16359 | L13: 16805 | M13: 20868.53 | N13: 22160.23 | O13: 24285.73 | P13: 24388.23 | Q13: 23396.2 | R13: 28178.17 | S13: 31328.17 | T13: 33258.86 | U13: 33627.36 | V13: 42605.26 | W13: 46347.37 | X13: 50929.84 | AB13: Large Hydro_MYPE
A14: {=_xlfn.TOCOL(IF(_xlfn.SEQUENCE(, ROWS(_xlfn.ANCHORARRAY(D13))-1)<=ROWS(_xlfn.ANCHORARRAY(D13))-1,A13,NA()))} -> Indonesia | B14: {=_xlfn.TOCOL(IF(_xlfn.SEQUENCE(, ROWS(_xlfn.ANCHORARRAY(D13))-1)<=ROWS(_xlfn.ANCHORARRAY(D13))-1,B13,NA()))} -> Existing Capacity | C14: {=_xlfn.TOCOL(IF(_xlfn.SEQUENCE(, ROWS(_xlfn.ANCHORARRAY(D13))-1)<=ROWS(_xlfn.ANCHORARRAY(D13))-1,C13,NA()))} -> MW | D14: Transformation\Centralized Electricity Generation\Processes\Coal Supercritical | E14: 0 | F14: 0 | G14: 0 | H14: 0 | I14: 0 | J14: 0 | K14: 0 | L14: 1475 | M14: 1475 | N14: 1475 | O14: 1475 | P14: 2749 | Q14: 3409 | R14: 3409 | S14: 3409 | T14: 3409 | U14: 3409 | V14: 3409 | W14: 3409 | X14: 3409 | AB14: Solar PV_MYPE
A15: Indonesia | B15: Existing Capacity | C15: MW | D15: Transformation\Centralized Electricity Generation\Processes\Diesel | E15: 3208.08 | F15: 3165.05 | G15: 3211.91 | H15: 3272.98 | I15: 3256.36 | J15: 4569.89 | K15: 5471.93 | L15: 5973.58 | M15: 5935 | N15: 6206.99 | O15: 6274.79 | P15: 6274.79 | Q15: 6278.79 | R15: 4630.9 | S15: 4779.68 | T15: 4863.53 | U15: 4986.58 | V15: 4352.09 | W15: 4638.31 | X15: 5819.28 | AB15: Biomass Other_MYPE
A16: Indonesia | B16: Existing Capacity | C16: MW | D16: Transformation\Centralized Electricity Generation\Processes\Gas Turbine | E16: 3099.35 | F16: 3102.95 | G16: 3220.176 | H16: 3068.973 | I16: 3135.877 | J16: 3821.567 | K16: 4236.021 | L16: 4343.821 | M16: 4389.086 | N16: 4310.498 | O16: 4310.498 | P16: 4420.5 | Q16: 4420.498 | R16: 5348.44 | S16: 5348.44 | T16: 5348.44 | U16: 5348.44 | V16: 4456.74 | W16: 4453.27 | X16: 4477.66 | AB16: Diesel_MYSB
A17: Indonesia | B17: Existing Capacity | C17: MW | D17: Transformation\Centralized Electricity Generation\Processes\Gas Engine | E17: 3 | F17: 21 | G17: 33 | H17: 66.84 | I17: 71 | J17: 92.84 | K17: 169.54 | L17: 198.74 | M17: 448.12 | N17: 610.741 | O17: 818.741 | P17: 1852.74 | Q17: 2406.971 | R17: 2357.66 | S17: 2842.03 | T17: 3177.93 | U17: 3218.87 | V17: 2976.47 | W17: 2689.32 | X17: 2889.82 | AB17: Gas Combined Cycle_MYSB
A18: Indonesia | B18: Existing Capacity | C18: MW | D18: Transformation\Centralized Electricity Generation\Processes\Gas Combined Cycle | E18: 6919.97 | F18: 7659.97 | G18: 7699.97 | H18: 8009.97 | I18: 8009.97 | J18: 7590.32 | K18: 8480.97 | L18: 9461.11 | M18: 9852.21 | N18: 10146.11 | O18: 10146.11 | P18: 10146.11 | Q18: 10146.11 | R18: 11220.1 | S18: 11669.54 | T18: 12235.71 | U18: 12411.51 | V18: 13397.82 | W18: 16065.76 | X18: 18798.41 | AB18: Large Hydro_MYSB
A19: Indonesia | B19: Existing Capacity | C19: MW | D19: Transformation\Centralized Electricity Generation\Processes\Large Hydro | E19: 3410.94 | F19: 3719.19 | G19: 3694.62 | H19: 3697.52 | I19: 3701.67 | J19: 3733.91 | K19: 3944.42 | L19: 4146.41 | M19: 5165.61 | N19: 5229.39 | O19: 5260.69 | P19: 5382.39 | Q19: 5450.14 | R19: 5399.59 | S19: 5558.52 | T19: 5638.67 | U19: 5988.67 | V19: 5988.67 | W19: 5610.07 | X19: 6047.16 | AB19: Solar PV_MYSB
A20: Indonesia | B20: Existing Capacity | C20: MW | D20: Transformation\Centralized Electricity Generation\Processes\Small Hydro | E20: 0 | F20: 0 | G20: 0 | H20: 0 | I20: 0 | J20: 0 | K20: 0 | L20: 0 | M20: 0 | N20: 0 | O20: 0 | P20: 0 | Q20: 0 | R20: 372.56 | S20: 417.51 | T20: 482.21 | U20: 613.08 | V20: 700.35 | W20: 959.57 | X20: 1005.31 | AB20: Biomass Other_MYSB
A21: Indonesia | B21: Existing Capacity | C21: MW | D21: Transformation\Centralized Electricity Generation\Processes\Geothermal Flash | E21: 850 | F21: 850 | G21: 980 | H21: 1052 | I21: 1189 | J21: 1189 | K21: 1226 | L21: 1336 | M21: 1343.5 | N21: 1403.5 | O21: 1438.5 | P21: 1643.5 | Q21: 1808.3 | R21: 1948.3 | S21: 2130.7 | T21: 2130.7 | U21: 2286.05 | V21: 2360.33 | W21: 2597.51 | X21: 2638.76 | AB21: Coal Subcritical_MYSR
A22: Indonesia | B22: Existing Capacity | C22: MW | D22: Transformation\Centralized Electricity Generation\Processes\Solar PV | E22: 0 | F22: 0 | G22: 0 | H22: 0 | I22: 0 | J22: 0.19 | K22: 1.2 | L22: 4.1 | M22: 9 | N22: 9 | O22: 36.9 | P22: 46.7 | Q22: 54.5 | R22: 60.19 | S22: 145.81 | T22: 147.29 | U22: 201.09 | V22: 283.14 | W22: 599.97 | X22: 909.43 | AB22: Diesel_MYSR
A23: Indonesia | B23: Existing Capacity | C23: MW | D23: Transformation\Centralized Electricity Generation\Processes\Wind Onshore | E23: 0 | F23: 0 | G23: 0.1 | H23: 0.26 | I23: 1.06 | J23: 0.34 | K23: 0.93 | L23: 0.93 | M23: 0.63 | N23: 1.12 | O23: 1.12 | P23: 1.12 | Q23: 1.12 | R23: 143.51 | S23: 154.31 | T23: 154.31 | U23: 154.31 | V23: 154.31 | W23: 152.3 | X23: 152.3 | AB23: Gas Combined Cycle_MYSR
A24: Indonesia | B24: Existing Capacity | C24: MW | D24: Transformation\Centralized Electricity Generation\Processes\Biomass Other | E24: 0 | F24: 0 | G24: 0 | H24: 0 | I24: 0 | J24: 0 | K24: 0 | L24: 0 | M24: 0 | N24: 0 | O24: 0 | P24: 0 | Q24: 0.9 | R24: 1762.12 | S24: 1767.12 | T24: 1770.62 | U24: 2124.74 | V24: 2925.05 | W24: 3201.01 | X24: 2906.36 | AB24: Large Hydro_MYSR
A25: Indonesia | B25: Existing Capacity | C25: MW | D25: Transformation\Centralized Electricity Generation\Processes\Biogas | E25: 0 | F25: 0 | G25: 0 | H25: 0 | I25: 0 | J25: 0 | K25: 0 | L25: 0 | M25: 0 | N25: 0 | O25: 0 | P25: 0 | Q25: 12.8 | R25: 108.61 | S25: 112.41 | T25: 117.82 | U25: 134.79 | V25: 149.41 | W25: 155.93 | X25: 157.25 | AB25: Biomass Other_MYSR
A26: Indonesia | B26: Existing Capacity | C26: MW | D26: Transformation\Centralized Electricity Generation\Processes\Waste | E26: 0 | F26: 0 | G26: 0 | H26: 0 | I26: 0 | J26: 0 | K26: 26 | L26: 26 | M26: 26 | N26: 36 | O26: 15.65 | P26: 15.65 | Q26: 15.65 | R26: 15.65 | S26: 15.65 | T26: 15.65 | U26: 28.45 | V26: 24.45 | W26: 36.47 | X26: 36.47
A27: Laos | B27: Existing Capacity | C27: =IF(B27="Existing Capacity", "MW", "GWh") -> MW | D27: {=_xlfn.LET(_xlpm.country,A27, _xlpm.table,INDIRECT(IF(B27="Existing Capacity",_xlpm.country,_xlpm.country&"_HP")), _xlpm.val,_xlfn._xlws.FILTER(_xlfn.HSTACK(leap[Branch Path],leap[[2005]:[2024]]),(leap[Region]=A27)*(leap[Variable]=B27)), _xlpm.fval,_xlfn._xlws.FILTER(_xlpm.val,_xlfn.BYROW(_xlfn.DROP(_xlpm.val,,1),_xleta.SUM)>0), _xlpm.fuel,_xlfn.TEXTAFTER(_xlfn.TAKE(_xlpm.fval,,1),"\",3), _xlpm.mapping,VLOOKUP(_xlpm.fuel,Mapping!$B$3:$L$42,MATCH(_xlpm.country,AMS,0)+1,0), _xlpm.id,_xlfn.MAP(MATCH(_xlpm.mapping,_xlfn.TAKE(_xlpm.table,,1),0),_xlfn.LAMBDA(_xlpm.x,IFERROR(_xlpm.x,30))), _xlpm.fuel_val,_xlfn.DROP(_xlfn.CHOOSEROWS(_xlpm.table,_xlpm.id),,2), _xlfn.HSTACK(_xlfn.TAKE(_xlpm.fval,,1),_xlpm.fuel_val))} -> Transformation\Centralized Electricity Generation\Processes\Coal Subcritical | E27: 0 | F27: 0 | G27: 0 | H27: 0 | I27: 0 | J27: 0 | K27: 0 | L27: 0 | M27: 0 | N27: 0 | O27: 1878 | P27: 1878 | Q27: 1878 | R27: 1878 | S27: 1878 | T27: 1878 | U27: 1878 | V27: 1878 | W27: 1878 | X27: 1878
A28: {=_xlfn.TOCOL(IF(_xlfn.SEQUENCE(, ROWS(_xlfn.ANCHORARRAY(D27))-1)<=ROWS(_xlfn.ANCHORARRAY(D27))-1,A27,NA()))} -> Laos | B28: {=_xlfn.TOCOL(IF(_xlfn.SEQUENCE(, ROWS(_xlfn.ANCHORARRAY(D27))-1)<=ROWS(_xlfn.ANCHORARRAY(D27))-1,B27,NA()))} -> Existing Capacity | C28: {=_xlfn.TOCOL(IF(_xlfn.SEQUENCE(, ROWS(_xlfn.ANCHORARRAY(D27))-1)<=ROWS(_xlfn.ANCHORARRAY(D27))-1,C27,NA()))} -> MW | D28: Transformation\Centralized Electricity Generation\Processes\Large Hydro | E28: 639.5 | F28: 639.5 | G28: 639.5 | H28: 639.5 | I28: 755.5 | J28: 1930.5 | K28: 1936.45 | L28: 2680.65 | M28: 2980.95 | N28: 3293.95 | O28: 3736.95 | P28: 4516 | Q28: 5172 | R28: 5472 | S28: 7844 | T28: 8456.14 | U28: 8910.14 | V28: 9040 | W28: 10152.64 | X28: 10162.84
A29: Laos | B29: Existing Capacity | C29: MW | D29: Transformation\Centralized Electricity Generation\Processes\Solar PV | E29: 0.3 | F29: 0.3 | G29: 0.3 | H29: 0.3 | I29: 0.41 | J29: 0.47 | K29: 0.45 | L29: 0.5 | M29: 0.59 | N29: 0.59 | O29: 0.81 | P29: 1.05 | Q29: 11.03 | R29: 32.442 | S29: 32.442 | T29: 56 | U29: 56 | V29: 56 | W29: 83 | X29: 83
A30: Laos | B30: Existing Capacity | C30: MW | D30: Transformation\Centralized Electricity Generation\Processes\Solar Floating | E30: 0 | F30: 0 | G30: 0 | H30: 0 | I30: 0 | J30: 0 | K30: 0 | L30: 0 | M30: 0 | N30: 0 | O30: 0 | P30: 0 | Q30: 0 | R30: 0 | S30: 0 | T30: 0 | U30: 0 | V30: 0 | W30: 0 | X30: 0
A31: Laos | B31: Existing Capacity | C31: MW | D31: Transformation\Centralized Electricity Generation\Processes\Biomass Other | E31: 0 | F31: 0 | G31: 0 | H31: 0 | I31: 0 | J31: 0 | K31: 0 | L31: 0 | M31: 1 | N31: 5 | O31: 40 | P31: 25 | Q31: 25 | R31: 40 | S31: 42.79 | T31: 42.79 | U31: 43 | V31: 43 | W31: 112 | X31: 112
A32: Malaysia | B32: Existing Capacity | C32: =IF(B32="Existing Capacity", "MW", "GWh") -> MW | D32: {=_xlfn.LET(_xlpm.country,A32, _xlpm.table,INDIRECT(IF(B32="Existing Capacity",_xlpm.country,_xlpm.country&"_HP")), _xlpm.val,_xlfn._xlws.FILTER(_xlfn.HSTACK(leap[Branch Path],leap[[2005]:[2024]]),(leap[Region]=A32)*(leap[Variable]=B32)), _xlpm.fval,_xlfn._xlws.FILTER(_xlpm.val,_xlfn.BYROW(_xlfn.DROP(_xlpm.val,,1),_xleta.SUM)>0), _xlpm.fuel,_xlfn.TEXTAFTER(_xlfn.TAKE(_xlpm.fval,,1),"\",3), _xlpm.mapping,VLOOKUP(_xlpm.fuel,Mapping!$B$3:$L$42,MATCH(_xlpm.country,AMS,0)+1,0), _xlpm.id,_xlfn.MAP(MATCH(_xlpm.mapping,_xlfn.TAKE(_xlpm.table,,1),0),_xlfn.LAMBDA(_xlpm.x,IFERROR(_xlpm.x,30))), _xlpm.fuel_val,_xlfn.DROP(_xlfn.CHOOSEROWS(_xlpm.table,_xlpm.id),,2), _xlfn.HSTACK(_xlfn.TAKE(_xlpm.fval,,1),_xlpm.fuel_val))} -> Transformation\Centralized Electricity Generation\Processes\Coal Subcritical | E32: 3900 | F32: 4610 | G32: 6010 | H32: 6145 | I32: 6755 | J32: 7650 | K32: 7680 | L32: 7680 | M32: 7680 | N32: 7680 | O32: 7536 | P32: 8536 | Q32: 8536 | R32: 8628.2723 | S32: 10397.635 | T32: 10752.155 | U32: 10563.563 | V32: 10658.286 | W32: 10756.8 | X32: 10756.8
A33: {=_xlfn.TOCOL(IF(_xlfn.SEQUENCE(, ROWS(_xlfn.ANCHORARRAY(D32))-1)<=ROWS(_xlfn.ANCHORARRAY(D32))-1,A32,NA()))} -> Malaysia | B33: {=_xlfn.TOCOL(IF(_xlfn.SEQUENCE(, ROWS(_xlfn.ANCHORARRAY(D32))-1)<=ROWS(_xlfn.ANCHORARRAY(D32))-1,B32,NA()))} -> Existing Capacity | C33: {=_xlfn.TOCOL(IF(_xlfn.SEQUENCE(, ROWS(_xlfn.ANCHORARRAY(D32))-1)<=ROWS(_xlfn.ANCHORARRAY(D32))-1,C32,NA()))} -> MW | D33: Transformation\Centralized Electricity Generation\Processes\Coal Ultrasupercritical | E33: 0 | F33: 0 | G33: 0 | H33: 0 | I33: 0 | J33: 0 | K33: 0 | L33: 0 | M33: 0 | N33: 0 | O33: 1010 | P33: 1010 | Q33: 2010 | R33: 2031.7277 | S33: 2448.3653 | T33: 2531.8452 | U33: 2487.4369 | V33: 0 | W33: 3366.8 | X33: 3395.3
A34: Malaysia | B34: Existing Capacity | C34: MW | D34: Transformation\Centralized Electricity Generation\Processes\Diesel | E34: 818 | F34: 623 | G34: 603 | H34: 594 | I34: 659 | J34: 702 | K34: 2323 | L34: 1768 | M34: 1871 | N34: 1315.3 | O34: 1466.5 | P34: 2090.3 | Q34: 1406.37 | R34: 812.5 | S34: 813 | T34: 538.35 | U34: 351.6 | V34: 595.93 | W34: 617.11531 | X34: 648.67459
A35: Malaysia | B35: Existing Capacity | C35: MW | D35: Transformation\Centralized Electricity Generation\Processes\Gas Combined Cycle | E35: 12153 | F35: 12679 | G35: 12701 | H35: 12821 | I35: 13581 | J35: 13852 | K35: 14956 | L35: 15546 | M35: 15421 | N35: 15248 | O35: 13505.6 | P35: 14074.5 | Q35: 14676.98 | R35: 14852.9 | S35: 12362.3 | T35: 12828.66 | U35: 13351.4 | V35: 13885.456 | W35: 14440.874 | X35: 15018.509
A36: Malaysia | B36: Existing Capacity | C36: MW | D36: Transformation\Centralized Electricity Generation\Processes\Large Hydro | E36: 2093 | F36: 2123 | G36: 2106 | H36: 2106 | I36: 2108 | J36: 2107 | K36: 3015 | L36: 3317 | M36: 3931 | N36: 4773.4 | O36: 5716.1 | P36: 6128.1 | Q36: 6354.701 | R36: 6167.9 | S36: 6174.45 | T36: 6188.39 | U36: 6080.82 | V36: 6209.28 | W36: 6210 | X36: 6230
A37: Malaysia | B37: Existing Capacity | C37: MW | D37: Transformation\Centralized Electricity Generation\Processes\Solar PV | E37: 0 | F37: 0 | G37: 0 | H37: 0 | I37: 0 | J37: 0 | K37: 0 | L37: 32.81 | M37: 74.87 | N37: 161 | O37: 226.3 | P37: 289.6 | Q37: 394.91 | R37: 797.1 | S37: 1006 | T37: 1335 | U37: 1832.15 | V37: 2423.14 | W37: 1930 | X37: 2310
A38: Malaysia | B38: Existing Capacity | C38: MW | D38: Transformation\Centralized Electricity Generation\Processes\Biomass Other | E38: 468 | F38: 441 | G38: 546 | H38: 566 | I38: 1330 | J38: 50 | K38: 752 | L38: 784 | M38: 765 | N38: 728.8 | O38: 862.5 | P38: 742.4 | Q38: 784.15 | R38: 573.94535 | S38: 482.47706 | T38: 690.57649 | U38: 580.69658 | V38: 326.61 | W38: 819 | X38: 828.1
A39: Malaysia | B39: Existing Capacity | C39: MW | D39: Transformation\Centralized Electricity Generation\Processes\Biogas | E39: 0 | F39: 0 | G39: 0 | H39: 0 | I39: 0 | J39: 0 | K39: 10 | L39: 24 | M39: 24 | N39: 24 | O39: 80 | P39: 80 | Q39: 80 | R39: 58.554649 | S39: 49.222936 | T39: 70.453509 | U39: 59.243418 | V39: 148.23 | W39: 81 | X39: 81.9
A40: Myanmar | B40: Existing Capacity | C40: =IF(B40="Existing Capacity", "MW", "GWh") -> MW | D40: {=_xlfn.LET(_xlpm.country,A40, _xlpm.table,INDIRECT(IF(B40="Existing Capacity",_xlpm.country,_xlpm.country&"_HP")), _xlpm.val,_xlfn._xlws.FILTER(_xlfn.HSTACK(leap[Branch Path],leap[[2005]:[2024]]),(leap[Region]=A40)*(leap[Variable]=B40)), _xlpm.fval,_xlfn._xlws.FILTER(_xlpm.val,_xlfn.BYROW(_xlfn.DROP(_xlpm.val,,1),_xleta.SUM)>0), _xlpm.fuel,_xlfn.TEXTAFTER(_xlfn.TAKE(_xlpm.fval,,1),"\",3), _xlpm.mapping,VLOOKUP(_xlpm.fuel,Mapping!$B$3:$L$42,MATCH(_xlpm.country,AMS,0)+1,0), _xlpm.id,_xlfn.MAP(MATCH(_xlpm.mapping,_xlfn.TAKE(_xlpm.table,,1),0),_xlfn.LAMBDA(_xlpm.x,IFERROR(_xlpm.x,30))), _xlpm.fuel_val,_xlfn.DROP(_xlfn.CHOOSEROWS(_xlpm.table,_xlpm.id),,2), _xlfn.HSTACK(_xlfn.TAKE(_xlpm.fval,,1),_xlpm.fuel_val))} -> Transformation\Centralized Electricity Generation\Processes\Coal Subcritical | E40: 120 | F40: 120 | G40: 120 | H40: 120 | I40: 120 | J40: 120 | K40: 120 | L40: 120 | M40: 120 | N40: 120 | O40: 120 | P40: 120 | Q40: 120 | R40: 120 | S40: 120 | T40: 120 | U40: 120 | V40: 138 | W40: 190 | X40: 190
A41: {=_xlfn.TOCOL(IF(_xlfn.SEQUENCE(, ROWS(_xlfn.ANCHORARRAY(D40))-1)<=ROWS(_xlfn.ANCHORARRAY(D40))-1,A40,NA()))} -> Myanmar | B41: {=_xlfn.TOCOL(IF(_xlfn.SEQUENCE(, ROWS(_xlfn.ANCHORARRAY(D40))-1)<=ROWS(_xlfn.ANCHORARRAY(D40))-1,B40,NA()))} -> Existing Capacity | C41: {=_xlfn.TOCOL(IF(_xlfn.SEQUENCE(, ROWS(_xlfn.ANCHORARRAY(D40))-1)<=ROWS(_xlfn.ANCHORARRAY(D40))-1,C40,NA()))} -> MW | D41: Transformation\Centralized Electricity Generation\Processes\Diesel | E41: 68 | F41: 70 | G41: 70 | H41: 57 | I41: 55 | J41: 63.02 | K41: 63.02 | L41: 78 | M41: 85.14 | N41: 89.2 | O41: 94.98 | P41: 94.3 | Q41: 91.9 | R41: 25 | S41: 25 | T41: 116 | U41: 116.739 | V41: 180.739 | W41: 180.739 | X41: 180.739
A42: Myanmar | B42: Existing Capacity | C42: MW | D42: Transformation\Centralized Electricity Generation\Processes\Gas Turbine | E42: 285.3 | F42: 252.3 | G42: 253.3 | H42: 253.3 | I42: 244.3 | J42: 244.2 | K42: 244.2 | L42: 244.3 | M42: 385.27 | N42: 577.99 | O42: 785.44 | P42: 630.25 | Q42: 884.65 | R42: 864.27072 | S42: 1045.062 | T42: 2116.314 | U42: 2429.819 | V42: 2195.304 | W42: 1124.8 | X42: 1124.8
A43: Myanmar | B43: Existing Capacity | C43: MW | D43: Transformation\Centralized Electricity Generation\Processes\Gas Engine | E43: 0 | F43: 0 | G43: 0 | H43: 0 | I43: 0 | J43: 0 | K43: 0 | L43: 0 | M43: 80.23 | N43: 132.23 | O43: 159.23 | P43: 589.55 | Q43: 589.55 | R43: 679.78361 | S43: 821.98324 | T43: 0 | U43: 0 | V43: 0 | W43: 881.6 | X43: 881.6
A44: Myanmar | B44: Existing Capacity | C44: MW | D44: Transformation\Centralized Electricity Generation\Processes\Gas Combined Cycle | E44: 470.7 | F44: 470.7 | G44: 470.7 | H44: 470.7 | I44: 470.7 | J44: 470.7 | K44: 470.7 | L44: 470.7 | M44: 470.7 | N44: 700.7 | O44: 700.7 | P44: 700.7 | Q44: 700.7 | R44: 807.94567 | S44: 976.95472 | T44: 1174.64 | U44: 1174.64 | V44: 1333.64 | W44: 1033.6 | X44: 1033.6
A45: Myanmar | B45: Existing Capacity | C45: MW | D45: Transformation\Centralized Electricity Generation\Processes\Large Hydro | E45: 746 | F45: 771 | G45: 803 | H45: 947 | I45: 1654 | J45: 2559.34 | K45: 2693.34 | L45: 2813.33 | M45: 3004 | N45: 3185.17 | O45: 3215.17 | P45: 3255.17 | Q45: 3255.17 | R45: 3304 | S45: 3304 | T45: 3225 | U45: 3225 | V45: 3225 | W45: 3270 | X45: 3270
A46: Myanmar | B46: Existing Capacity | C46: MW | D46: Transformation\Centralized Electricity Generation\Processes\Small Hydro | E46: 0 | F46: 0 | G46: 0 | H46: 0 | I46: 0 | J46: 0 | K46: 0 | L46: 0 | M46: 0 | N46: 0 | O46: 0 | P46: 0 | Q46: 0 | R46: 0 | S46: 0 | T46: 37.374 | U46: 37.374 | V46: 37.374 | W46: 37.374 | X46: 37.374
A47: Myanmar | B47: Existing Capacity | C47: MW | D47: Transformation\Centralized Electricity Generation\Processes\Solar PV | E47: 0 | F47: 0 | G47: 0 | H47: 0 | I47: 0 | J47: 3.7 | K47: 3.7 | L47: 4.68 | M47: 0 | N47: 0 | O47: 0 | P47: 0 | Q47: 0 | R47: 0 | S47: 88 | T47: 41 | U47: 70.5 | V47: 181.169 | W47: 180 | X47: 220
A48: Myanmar | B48: Existing Capacity | C48: MW | D48: Transformation\Centralized Electricity Generation\Processes\Wind Onshore | E48: 0 | F48: 0 | G48: 0 | H48: 0 | I48: 0 | J48: 0.02 | K48: 0.02 | L48: 0.02 | M48: 0 | N48: 0 | O48: 0 | P48: 0 | Q48: 0 | R48: 0 | S48: 0 | T48: 0 | U48: 0 | V48: 0 | W48: 0 | X48: 0
A49: Myanmar | B49: Existing Capacity | C49: MW | D49: Transformation\Centralized Electricity Generation\Processes\Biomass Other | E49: 0 | F49: 0 | G49: 0 | H49: 0 | I49: 0 | J49: 0 | K49: 0 | L49: 0 | M49: 0 | N49: 0 | O49: 0 | P49: 0 | Q49: 0 | R49: 0 | S49: 5 | T49: 0 | U49: 0 | V49: 0 | W49: 0 | X49: 0
A50: Philippines | B50: Existing Capacity | C50: =IF(B50="Existing Capacity", "MW", "GWh") -> MW | D50: {=_xlfn.LET(_xlpm.country,A50, _xlpm.table,INDIRECT(IF(B50="Existing Capacity",_xlpm.country,_xlpm.country&"_HP")), _xlpm.val,_xlfn._xlws.FILTER(_xlfn.HSTACK(leap[Branch Path],leap[[2005]:[2024]]),(leap[Region]=A50)*(leap[Variable]=B50)), _xlpm.fval,_xlfn._xlws.FILTER(_xlpm.val,_xlfn.BYROW(_xlfn.DROP(_xlpm.val,,1),_xleta.SUM)>0), _xlpm.fuel,_xlfn.TEXTAFTER(_xlfn.TAKE(_xlpm.fval,,1),"\",3), _xlpm.mapping,VLOOKUP(_xlpm.fuel,Mapping!$B$3:$L$42,MATCH(_xlpm.country,AMS,0)+1,0), _xlpm.id,_xlfn.MAP(MATCH(_xlpm.mapping,_xlfn.TAKE(_xlpm.table,,1),0),_xlfn.LAMBDA(_xlpm.x,IFERROR(_xlpm.x,30))), _xlpm.fuel_val,_xlfn.DROP(_xlfn.CHOOSEROWS(_xlpm.table,_xlpm.id),,2), _xlfn.HSTACK(_xlfn.TAKE(_xlpm.fval,,1),_xlpm.fuel_val))} -> Transformation\Centralized Electricity Generation\Processes\Coal Subcritical | E50: 3967.1 | F50: 4177.1 | G50: 4213.1 | H50: 4213.1 | I50: 4276.6 | J50: 4866.6 | K50: 4916.6 | L50: 5568.2 | M50: 5568.2 | N50: 5708.2 | O50: 5962.95 | P50: 7418.65 | Q50: 8048.95 | R50: 8843.65 | S50: 10417.15 | T50: 10943.9 | U50: 11668.9 | V50: 12428.186 | W50: 12406.336 | X50: 13006.436
A51: {=_xlfn.TOCOL(IF(_xlfn.SEQUENCE(, ROWS(_xlfn.ANCHORARRAY(D50))-1)<=ROWS(_xlfn.ANCHORARRAY(D50))-1,A50,NA()))} -> Philippines | B51: {=_xlfn.TOCOL(IF(_xlfn.SEQUENCE(, ROWS(_xlfn.ANCHORARRAY(D50))-1)<=ROWS(_xlfn.ANCHORARRAY(D50))-1,B50,NA()))} -> Existing Capacity | C51: {=_xlfn.TOCOL(IF(_xlfn.SEQUENCE(, ROWS(_xlfn.ANCHORARRAY(D50))-1)<=ROWS(_xlfn.ANCHORARRAY(D50))-1,C50,NA()))} -> MW | D51: Transformation\Centralized Electricity Generation\Processes\Diesel | E51: 3662.604 | F51: 3602.004 | G51: 3616.104 | H51: 3353.114 | I51: 3193.334 | J51: 3193.33 | K51: 2994.114 | L51: 3073.584 | M51: 3353.484 | N51: 3476.324 | O51: 3610.29 | P51: 3615.664 | Q51: 4153.213 | R51: 4291.9678 | S51: 4262.419 | T51: 4236.562 | U51: 3847.162 | V51: 3834.192 | W51: 3736.512 | X51: 3448.276
A52: Philippines | B52: Existing Capacity | C52: MW | D52: Transformation\Centralized Electricity Generation\Processes\Gas Combined Cycle | E52: 2763 | F52: 2763 | G52: 2834 | H52: 2831 | I52: 2831 | J52: 2861 | K52: 2861 | L52: 2862 | M52: 2862.02 | N52: 2862.02 | O52: 2862.02 | P52: 3431.12 | Q52: 3446.52 | R52: 3452.5 | S52: 3452.54 | T52: 3452.54 | U52: 3452.54 | V52: 3731.588 | W52: 3731.588 | X52: 3731.588
A53: Philippines | B53: Existing Capacity | C53: MW | D53: Transformation\Centralized Electricity Generation\Processes\Large Hydro | E53: 3222.12 | F53: 3256.72 | G53: 3292.93 | H53: 3291.47 | I53: 3291.35 | J53: 3399.55 | K53: 3490.734 | L53: 3520.814 | M53: 3520.814 | N53: 3543.262 | O53: 3600.462 | P53: 3617.542 | Q53: 3627.245 | R53: 3701.072 | S53: 3759.817 | T53: 3779.307 | U53: 3752.368 | V53: 3744.845 | W53: 3799.462 | X53: 3836.027
A54: Philippines | B54: Existing Capacity | C54: MW | D54: Transformation\Centralized Electricity Generation\Processes\Geothermal Flash | E54: 1978.31 | F54: 1978.31 | G54: 1958.38 | H54: 1958.38 | I54: 1953.24 | J54: 1965.83 | K54: 1783.25 | L54: 1847.69 | M54: 1867.69 | N54: 1917.69 | O54: 1917.19 | P54: 1915.56 | Q54: 1915.83 | R54: 1943.956 | S54: 1928.07 | T54: 1928.07 | U54: 1928.07 | V54: 1951.739 | W54: 1951.739 | X54: 1951.739
A55: Philippines | B55: Existing Capacity | C55: MW | D55: Transformation\Centralized Electricity Generation\Processes\Solar PV | E55: 1 | F55: 1 | G55: 1 | H55: 1 | I55: 1 | J55: 1 | K55: 1 | L55: 1 | M55: 1 | N55: 23 | O55: 164.67 | P55: 764.89 | Q55: 885.402 | R55: 896.155 | S55: 921.115 | T55: 1019.2524 | U55: 1317 | V55: 1529.7134 | W55: 1653.3014 | X55: 2710.166
A56: Philippines | B56: Existing Capacity | C56: MW | D56: Transformation\Centralized Electricity Generation\Processes\Wind Onshore | E56: 25 | F56: 25 | G56: 25 | H56: 33 | I56: 33 | J56: 33 | K56: 33 | L56: 33 | M56: 33 | N56: 282.9 | O56: 426.9 | P56: 426.9 | Q56: 426.9 | R56: 426.9 | S56: 426.9 | T56: 442.9 | U56: 426.9 | V56: 426.9 | W56: 426.9 | X56: 426.9
A57: Philippines | B57: Existing Capacity | C57: MW | D57: Transformation\Centralized Electricity Generation\Processes\Biomass Other | E57: 30 | F57: 30 | G57: 30 | H57: 30 | I57: 30 | J57: 38 | K57: 82.762 | L57: 118.672 | M57: 118.672 | N57: 130.672 | O57: 220.672 | P57: 232.672 | Q57: 223.716 | R57: 258.476 | S57: 363.391 | T57: 483.291 | U57: 489.291 | V57: 610.831 | W57: 585.126 | X57: 595.026
A58: Singapore | B58: Existing Capacity | C58: =IF(B58="Existing Capacity", "MW", "GWh") -> MW | D58: {=_xlfn.LET(_xlpm.country,A58, _xlpm.table,INDIRECT(IF(B58="Existing Capacity",_xlpm.country,_xlpm.country&"_HP")), _xlpm.val,_xlfn._xlws.FILTER(_xlfn.HSTACK(leap[Branch Path],leap[[2005]:[2024]]),(leap[Region]=A58)*(leap[Variable]=B58)), _xlpm.fval,_xlfn._xlws.FILTER(_xlpm.val,_xlfn.BYROW(_xlfn.DROP(_xlpm.val,,1),_xleta.SUM)>0), _xlpm.fuel,_xlfn.TEXTAFTER(_xlfn.TAKE(_xlpm.fval,,1),"\",3), _xlpm.mapping,VLOOKUP(_xlpm.fuel,Mapping!$B$3:$L$42,MATCH(_xlpm.country,AMS,0)+1,0), _xlpm.id,_xlfn.MAP(MATCH(_xlpm.mapping,_xlfn.TAKE(_xlpm.table,,1),0),_xlfn.LAMBDA(_xlpm.x,IFERROR(_xlpm.x,30))), _xlpm.fuel_val,_xlfn.DROP(_xlfn.CHOOSEROWS(_xlpm.table,_xlpm.id),,2), _xlfn.HSTACK(_xlfn.TAKE(_xlpm.fval,,1),_xlpm.fuel_val))} -> Transformation\Centralized Electricity Generation\Processes\Fuel Oil | E58: 4640 | F58: 4405 | G58: 4420 | H58: 4440 | I58: 3950 | J58: 3148 | K58: 3148 | L58: 2555 | M58: 2555 | N58: 2555 | O58: 2555 | P58: 2555 | Q58: 2555 | R58: 2554.6 | S58: 1363.6 | T58: 763.6 | U58: 763.6 | V58: 763.6 | W58: 0 | X58: 0
A59: {=_xlfn.TOCOL(IF(_xlfn.SEQUENCE(, ROWS(_xlfn.ANCHORARRAY(D58))-1)<=ROWS(_xlfn.ANCHORARRAY(D58))-1,A58,NA()))} -> Singapore | B59: {=_xlfn.TOCOL(IF(_xlfn.SEQUENCE(, ROWS(_xlfn.ANCHORARRAY(D58))-1)<=ROWS(_xlfn.ANCHORARRAY(D58))-1,B58,NA()))} -> Existing Capacity | C59: {=_xlfn.TOCOL(IF(_xlfn.SEQUENCE(, ROWS(_xlfn.ANCHORARRAY(D58))-1)<=ROWS(_xlfn.ANCHORARRAY(D58))-1,C58,NA()))} -> MW | D59: Transformation\Centralized Electricity Generation\Processes\Gas Turbine | E59: 287 | F59: 305 | G59: 315 | H59: 323 | I59: 408 | J59: 370 | K59: 285 | L59: 180 | M59: 180 | N59: 180 | O59: 180 | P59: 180 | Q59: 180 | R59: 180 | S59: 180 | T59: 180 | U59: 180 | V59: 180 | W59: 0 | X59: 0
A60: Singapore | B60: Existing Capacity | C60: MW | D60: Transformation\Centralized Electricity Generation\Processes\Gas Combined Cycle | E60: 4534 | F60: 4534 | G60: 5024 | H60: 5035 | I60: 5414 | J60: 6154 | K60: 6223 | L60: 7818 | M60: 9430 | N60: 9892 | O60: 10356 | P60: 10356 | Q60: 10508 | R60: 10501.3 | S60: 10491.41 | T60: 10491.41 | U60: 10491.41 | V60: 10491.41 | W60: 0 | X60: 0
A61: Singapore | B61: Existing Capacity | C61: MW | D61: Transformation\Centralized Electricity Generation\Processes\Solar PV | E61: 0 | F61: 0 | G61: 0 | H61: 0.3 | I61: 1.5 | J61: 2.9 | K61: 4.6 | L61: 7.7 | M61: 11.8 | N61: 25.3 | O61: 45.7 | P61: 96.6 | Q61: 151.1 | R61: 209.8 | S61: 352.7 | T61: 431.2 | U61: 631.8 | V61: 516 | W61: 0 | X61: 0
A62: Singapore | B62: Existing Capacity | C62: MW | D62: Transformation\Centralized Electricity Generation\Processes\Waste | E62: 305.8 | F62: 305.8 | G62: 305.8 | H62: 305.8 | I62: 256.8 | J62: 256.8 | K62: 256.8 | L62: 256.8 | M62: 256.8 | N62: 256.8 | O62: 256.8 | P62: 256.8 | Q62: 256.8 | R62: 256.8 | S62: 256.8 | T62: 256.8 | U62: 256.8 | V62: 393 | W62: 0 | X62: 0
A63: Thailand | B63: Existing Capacity | C63: =IF(B63="Existing Capacity", "MW", "GWh") -> MW | D63: {=_xlfn.LET(_xlpm.country,A63, _xlpm.table,INDIRECT(IF(B63="Existing Capacity",_xlpm.country,_xlpm.country&"_HP")), _xlpm.val,_xlfn._xlws.FILTER(_xlfn.HSTACK(leap[Branch Path],leap[[2005]:[2024]]),(leap[Region]=A63)*(leap[Variable]=B63)), _xlpm.fval,_xlfn._xlws.FILTER(_xlpm.val,_xlfn.BYROW(_xlfn.DROP(_xlpm.val,,1),_xleta.SUM)>0), _xlpm.fuel,_xlfn.TEXTAFTER(_xlfn.TAKE(_xlpm.fval,,1),"\",3), _xlpm.mapping,VLOOKUP(_xlpm.fuel,Mapping!$B$3:$L$42,MATCH(_xlpm.country,AMS,0)+1,0), _xlpm.id,_xlfn.MAP(MATCH(_xlpm.mapping,_xlfn.TAKE(_xlpm.table,,1),0),_xlfn.LAMBDA(_xlpm.x,IFERROR(_xlpm.x,30))), _xlpm.fuel_val,_xlfn.DROP(_xlfn.CHOOSEROWS(_xlpm.table,_xlpm.id),,2), _xlfn.HSTACK(_xlfn.TAKE(_xlpm.fval,,1),_xlpm.fuel_val))} -> Transformation\Centralized Electricity Generation\Processes\Coal Subcritical | E63: 3347.28 | F63: 3666.17 | G63: 5332 | H63: 5332 | I63: 5423.05 | J63: 5502.04 | K63: 5502.04 | L63: 4564 | M63: 4564 | N63: 5072 | O63: 5559 | P63: 6060 | Q63: 6060 | R63: 6074 | S63: 6114 | T63: 6077 | U63: 6067.5 | V63: 6067.5 | W63: 6140 | X63: 6140
A64: {=_xlfn.TOCOL(IF(_xlfn.SEQUENCE(, ROWS(_xlfn.ANCHORARRAY(D63))-1)<=ROWS(_xlfn.ANCHORARRAY(D63))-1,A63,NA()))} -> Thailand | B64: {=_xlfn.TOCOL(IF(_xlfn.SEQUENCE(, ROWS(_xlfn.ANCHORARRAY(D63))-1)<=ROWS(_xlfn.ANCHORARRAY(D63))-1,B63,NA()))} -> Existing Capacity | C64: {=_xlfn.TOCOL(IF(_xlfn.SEQUENCE(, ROWS(_xlfn.ANCHORARRAY(D63))-1)<=ROWS(_xlfn.ANCHORARRAY(D63))-1,C63,NA()))} -> MW | D64: Transformation\Centralized Electricity Generation\Processes\Diesel | E64: 1580.71 | F64: 1527.58 | G64: 709.3 | H64: 319.19 | I64: 132.19 | J64: 209.1 | K64: 395.6 | L64: 350 | M64: 350 | N64: 370 | O64: 370 | P64: 370 | Q64: 370 | R64: 370 | S64: 369 | T64: 54.66 | U64: 58.84 | V64: 58.84 | W64: 0 | X64: 0
A65: Thailand | B65: Existing Capacity | C65: MW | D65: Transformation\Centralized Electricity Generation\Processes\Fuel Oil | E65: 0 | F65: 0 | G65: 0 | H65: 0 | I65: 0 | J65: 0 | K65: 0 | L65: 0 | M65: 0 | N65: 0 | O65: 0 | P65: 0 | Q65: 0 | R65: 0 | S65: 0 | T65: 315 | U65: 315 | V65: 315 | W65: 0 | X65: 0
A66: Thailand | B66: Existing Capacity | C66: MW | D66: Transformation\Centralized Electricity Generation\Processes\Gas Combined Cycle | E66: 17865.01 | F66: 17845.25 | G66: 18768.7 | H66: 20949.19 | I66: 21550.76 | J66: 22656.87 | K66: 21987 | L66: 21373 | M66: 24709 | N66: 24897 | O66: 25847 | P66: 27704 | Q66: 28406 | R66: 28718 | S66: 27507.7 | T66: 27960.99 | U66: 29120.99 | V66: 30925 | W66: 36110 | X66: 38060
A67: Thailand | B67: Existing Capacity | C67: MW | D67: Transformation\Centralized Electricity Generation\Processes\Large Hydro | E67: 2976 | F67: 2976 | G67: 2976 | H67: 2981 | I67: 2988 | J67: 2988 | K67: 3000 | L67: 3484 | M67: 3484 | N67: 3527 | O67: 3568 | P67: 3549 | Q67: 3569 | R67: 3591 | S67: 8042 | T67: 7048.61 | U67: 7051.77 | V67: 7580.03 | W67: 3130 | X67: 3130
A68: Thailand | B68: Existing Capacity | C68: MW | D68: Transformation\Centralized Electricity Generation\Processes\Geothermal Flash | E68: 0.3 | F68: 0.3 | G68: 0.3 | H68: 0.3 | I68: 0.3 | J68: 0.3 | K68: 0.3 | L68: 0.3 | M68: 0.3 | N68: 0.3 | O68: 0.3 | P68: 0.3 | Q68: 0.3 | R68: 0.3 | S68: 0 | T68: 0 | U68: 0.3 | V68: 0.3 | W68: 0 | X68: 0
A69: Thailand | B69: Existing Capacity | C69: MW | D69: Transformation\Centralized Electricity Generation\Processes\Solar PV | E69: 0 | F69: 0 | G69: 0 | H69: 0 | I69: 9.2 | J69: 26 | K69: 50 | L69: 87 | M69: 177 | N69: 1086 | O69: 1367 | P69: 2501 | Q69: 2573 | R69: 2849 | S69: 2853.7 | T69: 2860.48 | U69: 2904.31 | V69: 2908.53 | W69: 3300 | X69: 3380
A70: Thailand | B70: Existing Capacity | C70: MW | D70: Transformation\Centralized Electricity Generation\Processes\Wind Onshore | E70: 0 | F70: 0 | G70: 0 | H70: 0 | I70: 2.5 | J70: 3.3 | K70: 0 | L70: 93 | M70: 183 | N70: 191 | O70: 202 | P70: 462 | Q70: 588 | R70: 1082 | S70: 1486 | T70: 1488.06 | U70: 1504.06 | V70: 1504.01 | W70: 1540 | X70: 1540
A71: Thailand | B71: Existing Capacity | C71: MW | D71: Transformation\Centralized Electricity Generation\Processes\Biomass Other | E71: 0 | F71: 0 | G71: 0 | H71: 0 | I71: 0 | J71: 0 | K71: 5 | L71: 72 | M71: 151 | N71: 1102 | O71: 1272 | P71: 1429 | Q71: 1588 | R71: 2056 | S71: 2120 | T71: 0 | U71: 0 | V71: 0 | W71: 0 | X71: 0
A72: Thailand | B72: Existing Capacity | C72: MW | D72: Transformation\Centralized Electricity Generation\Processes\Biomass Gasification | E72: 0 | F72: 0 | G72: 0 | H72: 0 | I72: 0 | J72: 0 | K72: 0 | L72: 0 | M72: 0 | N72: 0 | O72: 0 | P72: 0 | Q72: 0 | R72: 0 | S72: 0 | T72: 1930.58 | U72: 1959.18 | V72: 2024.55 | W72: 4430 | X72: 4350
A73: Thailand | B73: Existing Capacity | C73: MW | D73: Transformation\Centralized Electricity Generation\Processes\Biogas | E73: 0 | F73: 0 | G73: 0 | H73: 0 | I73: 0 | J73: 0 | K73: 0 | L73: 344 | M73: 353 | N73: 353 | O73: 353 | P73: 353 | Q73: 353 | R73: 0 | S73: 0 | T73: 348.73 | U73: 348.73 | V73: 310.19 | W73: 0 | X73: 0
A74: Thailand | B74: Existing Capacity | C74: MW | D74: Transformation\Centralized Electricity Generation\Processes\Waste | E74: 0 | F74: 0 | G74: 0 | H74: 0 | I74: 0 | J74: 0 | K74: 0 | L74: 0 | M74: 0 | N74: 0 | O74: 0 | P74: 0 | Q74: 0 | R74: 0 | S74: 0 | T74: 634.13346 | U74: 650.1263 | V74: 657.64957 | W74: 0 | X74: 0
A75: Thailand | B75: Existing Capacity | C75: MW | D75: Transformation\Centralized Electricity Generation\Processes\Pumped Hydro | E75: 0 | F75: 0 | G75: 0 | H75: 0 | I75: 0 | J75: 0 | K75: 0 | L75: 0 | M75: 0 | N75: 0 | O75: 0 | P75: 0 | Q75: 0 | R75: 0 | S75: 0 | T75: 1000 | U75: 1000 | V75: 1000 | W75: 0 | X75: 0
A76: Vietnam | B76: Existing Capacity | C76: =IF(B76="Existing Capacity", "MW", "GWh") -> MW | D76: {=_xlfn.LET(_xlpm.country,A76, _xlpm.table,INDIRECT(IF(B76="Existing Capacity",_xlpm.country,_xlpm.country&"_HP")), _xlpm.val,_xlfn._xlws.FILTER(_xlfn.HSTACK(leap[Branch Path],leap[[2005]:[2024]]),(leap[Region]=A76)*(leap[Variable]=B76)), _xlpm.fval,_xlfn._xlws.FILTER(_xlpm.val,_xlfn.BYROW(_xlfn.DROP(_xlpm.val,,1),_xleta.SUM)>0), _xlpm.fuel,_xlfn.TEXTAFTER(_xlfn.TAKE(_xlpm.fval,,1),"\",3), _xlpm.mapping,VLOOKUP(_xlpm.fuel,Mapping!$B$3:$L$42,MATCH(_xlpm.country,AMS,0)+1,0), _xlpm.id,_xlfn.MAP(MATCH(_xlpm.mapping,_xlfn.TAKE(_xlpm.table,,1),0),_xlfn.LAMBDA(_xlpm.x,IFERROR(_xlpm.x,30))), _xlpm.fuel_val,_xlfn.DROP(_xlfn.CHOOSEROWS(_xlpm.table,_xlpm.id),,2), _xlfn.HSTACK(_xlfn.TAKE(_xlpm.fval,,1),_xlpm.fuel_val))} -> Transformation\Centralized Electricity Generation\Processes\Coal Subcritical | E76: 1245 | F76: 1695 | G76: 2386.25 | H76: 3077.5 | I76: 3768.75 | J76: 4460 | K76: 4460 | L76: 4900 | M76: 7053 | N76: 9759 | O76: 12540 | P76: 13790 | Q76: 15590 | R76: 18945 | S76: 20250.28 | T76: 22077 | U76: 25397 | V76: 26087 | W76: 27532 | X76: 28229
A77: {=_xlfn.TOCOL(IF(_xlfn.SEQUENCE(, ROWS(_xlfn.ANCHORARRAY(D76))-1)<=ROWS(_xlfn.ANCHORARRAY(D76))-1,A76,NA()))} -> Vietnam | B77: {=_xlfn.TOCOL(IF(_xlfn.SEQUENCE(, ROWS(_xlfn.ANCHORARRAY(D76))-1)<=ROWS(_xlfn.ANCHORARRAY(D76))-1,B76,NA()))} -> Existing Capacity | C77: {=_xlfn.TOCOL(IF(_xlfn.SEQUENCE(, ROWS(_xlfn.ANCHORARRAY(D76))-1)<=ROWS(_xlfn.ANCHORARRAY(D76))-1,C76,NA()))} -> MW | D77: Transformation\Centralized Electricity Generation\Processes\Diesel | E77: 198 | F77: 2144.41 | G77: 1915.308 | H77: 1686.205 | I77: 1457.103 | J77: 1228 | K77: 1228 | L77: 1228 | M77: 1228 | N77: 1154.5 | O77: 1216 | P77: 1216 | Q77: 1216 | R77: 1579 | S77: 1579 | T77: 1603 | U77: 1603 | V77: 1603 | W77: 1603 | X77: 1603
A78: Vietnam | B78: Existing Capacity | C78: MW | D78: Transformation\Centralized Electricity Generation\Processes\Gas Combined Cycle | E78: 2939 | F78: 3297.4 | G78: 4385.55 | H78: 5473.7 | I78: 6561.85 | J78: 7650 | K78: 7650 | L78: 7650 | M78: 7650 | N78: 7345.15 | O78: 7144 | P78: 7144 | Q78: 7144 | R78: 7446 | S78: 7483 | T78: 7422 | U78: 7422 | V78: 7422 | W78: 7422 | X78: 7422
A79: Vietnam | B79: Existing Capacity | C79: MW | D79: Transformation\Centralized Electricity Generation\Processes\Large Hydro | E79: 4155 | F79: 4401.33 | G79: 5345.998 | H79: 6290.665 | I79: 7235.333 | J79: 8180 | K79: 10165 | L79: 12643 | M79: 14661 | N79: 15702.1 | O79: 15808 | P79: 17713 | Q79: 18112 | R79: 20170 | S79: 20250 | T79: 20859 | U79: 22111 | V79: 22999 | W79: 23511 | X79: 24190
A80: Vietnam | B80: Existing Capacity | C80: MW | D80: Transformation\Centralized Electricity Generation\Processes\Solar PV | E80: 0 | F80: 0 | G80: 0 | H80: 0 | I80: 0 | J80: 0 | K80: 0 | L80: 0 | M80: 0 | N80: 0 | O80: 0 | P80: 0 | Q80: 0 | R80: 86 | S80: 5781 | T80: 8852 | U80: 16564 | V80: 16568 | W80: 16672 | X80: 16823
A81: Vietnam | B81: Existing Capacity | C81: MW | D81: Transformation\Centralized Electricity Generation\Processes\Wind Onshore | E81: 0 | F81: 0 | G81: 0 | H81: 0 | I81: 0 | J81: 0 | K81: 30 | L81: 30 | M81: 46 | N81: 46 | O81: 46 | P81: 153.2 | Q81: 189.2 | R81: 243 | S81: 521 | T81: 538 | U81: 4126 | V81: 5059 | W81: 5869 | X81: 5991
A82: Vietnam | B82: Existing Capacity | C82: MW | D82: Transformation\Centralized Electricity Generation\Processes\Biomass Other | E82: 16.23 | F82: 10.51 | G82: 12.71 | H82: 10.57 | I82: 12.05 | J82: 12.05 | K82: 17.7 | L82: 18.69 | M82: 17.21 | N82: 18.93 | O82: 35.16 | P82: 30 | Q82: 55 | R82: 325 | S82: 380 | T82: 325 | U82: 325 | V82: 395 | W82: 410 | X82: 439
A83: Brunei | B83: Historical Production | C83: =IF(B83="Existing Capacity", "MW", "GWh") -> GWh | D83: {=_xlfn.LET(_xlpm.country,A83, _xlpm.table,INDIRECT(IF(B83="Existing Capacity",_xlpm.country,_xlpm.country&"_HP")), _xlpm.val,_xlfn._xlws.FILTER(_xlfn.HSTACK(leap[Branch Path],leap[[2005]:[2024]]),(leap[Region]=A83)*(leap[Variable]=B83)), _xlpm.fval,_xlfn._xlws.FILTER(_xlpm.val,_xlfn.BYROW(_xlfn.DROP(_xlpm.val,,1),_xleta.SUM)>0), _xlpm.fuel,_xlfn.TEXTAFTER(_xlfn.TAKE(_xlpm.fval,,1),"\",3), _xlpm.mapping,VLOOKUP(_xlpm.fuel,Mapping!$B$3:$L$42,MATCH(_xlpm.country,AMS,0)+1,0), _xlpm.id,_xlfn.MAP(MATCH(_xlpm.mapping,_xlfn.TAKE(_xlpm.table,,1),0),_xlfn.LAMBDA(_xlpm.x,IFERROR(_xlpm.x,30))), _xlpm.fuel_val,_xlfn.DROP(_xlfn.CHOOSEROWS(_xlpm.table,_xlpm.id),,2), _xlfn.HSTACK(_xlfn.TAKE(_xlpm.fval,,1),_xlpm.fuel_val))} -> Transformation\Centralized Electricity Generation\Processes\Coal IGCC | E83: 0 | F83: 0 | G83: 0 | H83: 0 | I83: 0 | J83: 0 | K83: 0 | L83: 0 | M83: 0 | N83: 0 | O83: 0 | P83: 0 | Q83: 0 | R83: 0 | S83: 484.0827 | T83: 914.47981 | U83: 1241.882 | V83: 1207.644 | W83: 1144.308 | X83: 1190.072
A84: {=_xlfn.TOCOL(IF(_xlfn.SEQUENCE(, ROWS(_xlfn.ANCHORARRAY(D83))-1)<=ROWS(_xlfn.ANCHORARRAY(D83))-1,A83,NA()))} -> Brunei | B84: {=_xlfn.TOCOL(IF(_xlfn.SEQUENCE(, ROWS(_xlfn.ANCHORARRAY(D83))-1)<=ROWS(_xlfn.ANCHORARRAY(D83))-1,B83,NA()))} -> Historical Production | C84: {=_xlfn.TOCOL(IF(_xlfn.SEQUENCE(, ROWS(_xlfn.ANCHORARRAY(D83))-1)<=ROWS(_xlfn.ANCHORARRAY(D83))-1,C83,NA()))} -> GWh | D84: Transformation\Centralized Electricity Generation\Processes\Diesel | E84: 28.6 | F84: 30.6 | G84: 32.8 | H84: 33.3 | I84: 36.6 | J84: 37.9 | K84: 37.4 | L84: 37.8 | M84: 38.1 | N84: 39.6 | O84: 42.4 | P84: 45.2 | Q84: 45.5 | R84: 46.875082 | S84: 48.8701 | T84: 39.903941 | U84: 36.385892 | V84: 45.768235 | W84: 41.724482 | X84: 42.494313
A85: Brunei | B85: Historical Production | C85: GWh | D85: Transformation\Centralized Electricity Generation\Processes\Gas Turbine | E85: 2491.26 | F85: 2592.23 | G85: 2656.1 | H85: 2700.989 | I85: 2739.3 | J85: 2715.5 | K85: 2483.5 | L85: 2582.9 | M85: 2684.9 | N85: 2749.8 | O85: 2845.4 | P85: 2836.1 | Q85: 2721.936 | R85: 2664.3833 | S85: 2693.411 | T85: 2654.898 | U85: 2710.998 | V85: 2491.5991 | W85: 2581.808 | X85: 2798.774
A86: Brunei | B86: Historical Production | C86: GWh | D86: Transformation\Centralized Electricity Generation\Processes\Gas Combined Cycle | E86: 618.6 | F86: 659.4 | G86: 705.9 | H86: 693 | I86: 850.5 | J86: 1038.8 | K86: 1202.1 | L86: 1307.9 | M86: 1238.8 | N86: 1265.2 | O86: 1311 | P86: 1388.6 | Q86: 1388.378 | R86: 1580.747 | S86: 1706.877 | T86: 1813.802 | U86: 1706.045 | V86: 1852.153 | W86: 1837.731 | X86: 1776.212
A87: Brunei | B87: Historical Production | C87: GWh | D87: Transformation\Centralized Electricity Generation\Processes\Solar PV | E87: 0 | F87: 0 | G87: 0 | H87: 0 | I87: 0 | J87: 0 | K87: 0 | L87: 0 | M87: 0 | N87: 0 | O87: 1.29343 | P87: 1.1 | Q87: 1.5453633 | R87: 1.5690217 | S87: 1.0583202 | T87: 0.9831022 | U87: 4.4298973 | V87: 5.0871643 | W87: 5.5786029 | X87: 4.8223759
A88: Cambodia | B88: Historical Production | C88: =IF(B88="Existing Capacity", "MW", "GWh") -> GWh | D88: {=_xlfn.LET(_xlpm.country,A88, _xlpm.table,INDIRECT(IF(B88="Existing Capacity",_xlpm.country,_xlpm.country&"_HP")), _xlpm.val,_xlfn._xlws.FILTER(_xlfn.HSTACK(leap[Branch Path],leap[[2005]:[2024]]),(leap[Region]=A88)*(leap[Variable]=B88)), _xlpm.fval,_xlfn._xlws.FILTER(_xlpm.val,_xlfn.BYROW(_xlfn.DROP(_xlpm.val,,1),_xleta.SUM)>0), _xlpm.fuel,_xlfn.TEXTAFTER(_xlfn.TAKE(_xlpm.fval,,1),"\",3), _xlpm.mapping,VLOOKUP(_xlpm.fuel,Mapping!$B$3:$L$42,MATCH(_xlpm.country,AMS,0)+1,0), _xlpm.id,_xlfn.MAP(MATCH(_xlpm.mapping,_xlfn.TAKE(_xlpm.table,,1),0),_xlfn.LAMBDA(_xlpm.x,IFERROR(_xlpm.x,30))), _xlpm.fuel_val,_xlfn.DROP(_xlfn.CHOOSEROWS(_xlpm.table,_xlpm.id),,2), _xlfn.HSTACK(_xlfn.TAKE(_xlpm.fval,,1),_xlpm.fuel_val))} -> Transformation\Centralized Electricity Generation\Processes\Coal Subcritical | E88: 0 | F88: 0 | G88: 0 | H88: 23.36 | I88: 28.03 | J88: 32.08 | K88: 46.5 | L88: 37.42 | M88: 168.75 | N88: 863.02 | O88: 2210.14 | P88: 2551.17 | Q88: 3569.01 | R88: 3362 | S88: 4107 | T88: 4311 | U88: 3455.6 | V88: 3664.67 | W88: 7665.13 | X88: 9208.88
A89: {=_xlfn.TOCOL(IF(_xlfn.SEQUENCE(, ROWS(_xlfn.ANCHORARRAY(D88))-1)<=ROWS(_xlfn.ANCHORARRAY(D88))-1,A88,NA()))} -> Cambodia | B89: {=_xlfn.TOCOL(IF(_xlfn.SEQUENCE(, ROWS(_xlfn.ANCHORARRAY(D88))-1)<=ROWS(_xlfn.ANCHORARRAY(D88))-1,B88,NA()))} -> Historical Production | C89: {=_xlfn.TOCOL(IF(_xlfn.SEQUENCE(, ROWS(_xlfn.ANCHORARRAY(D88))-1)<=ROWS(_xlfn.ANCHORARRAY(D88))-1,C88,NA()))} -> GWh | D89: Transformation\Centralized Electricity Generation\Processes\Diesel | E89: 21 | F89: 24 | G89: 36 | H89: 38 | I89: 42 | J89: 41 | K89: 38 | L89: 40 | M89: 28 | N89: 28 | O89: 94 | P89: 16 | Q89: 10 | R89: 0 | S89: 0 | T89: 0 | U89: 0 | V89: 0 | W89: 0 | X89: 0
A90: Cambodia | B90: Historical Production | C90: GWh | D90: Transformation\Centralized Electricity Generation\Processes\Fuel Oil | E90: 815 | F90: 1011 | G90: 1258 | H90: 1372 | I90: 1111 | J90: 858 | K90: 871 | L90: 816 | M90: 551 | N90: 299 | O90: 118 | P90: 362 | Q90: 381 | R90: 302 | S90: 739 | T90: 451 | U90: 553.64 | V90: 351.14 | W90: 53.28 | X90: 532.42
A91: Cambodia | B91: Historical Production | C91: GWh | D91: Transformation\Centralized Electricity Generation\Processes\Large Hydro | E91: 43.54 | F91: 50.61 | G91: 49.71 | H91: 46.28 | I91: 47.43 | J91: 31.73 | K91: 51.52 | L91: 517.37 | M91: 1015.54 | N91: 1851.6 | O91: 1988.38 | P91: 2619.11 | Q91: 2711.14 | R91: 4832 | S91: 4106 | T91: 3937 | U91: 5043.94 | V91: 5557.55 | W91: 7333.41 | X91: 7227.78
A92: Cambodia | B92: Historical Production | C92: GWh | D92: Transformation\Centralized Electricity Generation\Processes\Solar PV | E92: 0 | F92: 0 | G92: 0 | H92: 0 | I92: 0 | J92: 0 | K92: 0 | L92: 0 | M92: 0 | N92: 0 | O92: 0 | P92: 0 | Q92: 4.66 | R92: 16 | S92: 92 | T92: 290 | U92: 609.96 | V92: 687.87 | W92: 805.06 | X92: 1278.96
A93: Cambodia | B93: Historical Production | C93: GWh | D93: Transformation\Centralized Electricity Generation\Processes\Biomass Other | E93: 0.12 | F93: 1.68 | G93: 5.25 | H93: 4.53 | I93: 6.49 | J93: 5.82 | K93: 11.91 | L93: 11.75 | M93: 6.68 | N93: 16.79 | O93: 38.04 | P93: 43.35 | Q93: 51.87 | R93: 64 | S93: 92 | T93: 66 | U93: 49.63 | V93: 51.63 | W93: 62.93 | X93: 66.66
A94: Indonesia | B94: Historical Production | C94: =IF(B94="Existing Capacity", "MW", "GWh") -> GWh | D94: {=_xlfn.LET(_xlpm.country,A94, _xlpm.table,INDIRECT(IF(B94="Existing Capacity",_xlpm.country,_xlpm.country&"_HP")), _xlpm.val,_xlfn._xlws.FILTER(_xlfn.HSTACK(leap[Branch Path],leap[[2005]:[2024]]),(leap[Region]=A94)*(leap[Variable]=B94)), _xlpm.fval,_xlfn._xlws.FILTER(_xlpm.val,_xlfn.BYROW(_xlfn.DROP(_xlpm.val,,1),_xleta.SUM)>0), _xlpm.fuel,_xlfn.TEXTAFTER(_xlfn.TAKE(_xlpm.fval,,1),"\",3), _xlpm.mapping,VLOOKUP(_xlpm.fuel,Mapping!$B$3:$L$42,MATCH(_xlpm.country,AMS,0)+1,0), _xlpm.id,_xlfn.MAP(MATCH(_xlpm.mapping,_xlfn.TAKE(_xlpm.table,,1),0),_xlfn.LAMBDA(_xlpm.x,IFERROR(_xlpm.x,30))), _xlpm.fuel_val,_xlfn.DROP(_xlfn.CHOOSEROWS(_xlpm.table,_xlpm.id),,2), _xlfn.HSTACK(_xlfn.TAKE(_xlpm.fval,,1),_xlpm.fuel_val))} -> Transformation\Centralized Electricity Generation\Processes\Coal Subcritical | E94: 60864 | F94: 68103 | G94: 74269 | H94: 72680 | I94: 75804 | J94: 76392 | K94: 88815 | L94: 101552 | M94: 110888 | N94: 119071 | O94: 129416 | P94: 128695 | Q94: 134538 | R94: 110035 | S94: 119520 | T94: 113335 | U94: 113488 | V94: 114728 | W94: 112035 | X94: 114158
A95: {=_xlfn.TOCOL(IF(_xlfn.SEQUENCE(, ROWS(_xlfn.ANCHORARRAY(D94))-1)<=ROWS(_xlfn.ANCHORARRAY(D94))-1,A94,NA()))} -> Indonesia | B95: {=_xlfn.TOCOL(IF(_xlfn.SEQUENCE(, ROWS(_xlfn.ANCHORARRAY(D94))-1)<=ROWS(_xlfn.ANCHORARRAY(D94))-1,B94,NA()))} -> Historical Production | C95: {=_xlfn.TOCOL(IF(_xlfn.SEQUENCE(, ROWS(_xlfn.ANCHORARRAY(D94))-1)<=ROWS(_xlfn.ANCHORARRAY(D94))-1,C94,NA()))} -> GWh | D95: Transformation\Centralized Electricity Generation\Processes\Coal Supercritical | E95: 0 | F95: 0 | G95: 0 | H95: 0 | I95: 0 | J95: 0 | K95: 0 | L95: 8175 | M95: 7311 | N95: 7419 | O95: 7383 | P95: 12978 | Q95: 18129 | R95: 49978 | S95: 54973 | T95: 67534 | U95: 76196 | V95: 90580 | W95: 104742 | X95: 114276
A96: Indonesia | B96: Historical Production | C96: GWh | D96: Transformation\Centralized Electricity Generation\Processes\Diesel | E96: 9117 | F96: 9173 | G96: 8961 | H96: 10640 | I96: 10825 | J96: 12294 | K96: 16475 | L96: 19192 | M96: 19307 | N96: 22280 | O96: 19492 | P96: 19708 | Q96: 18563 | R96: 17429 | S96: 10456 | T96: 6730 | U96: 6423 | V96: 6080 | W96: 6482 | X96: 7037
A97: Indonesia | B97: Historical Production | C97: GWh | D97: Transformation\Centralized Electricity Generation\Processes\Gas Turbine | E97: 6412 | F97: 5818 | G97: 6662 | H97: 6957 | I97: 10343 | J97: 10884 | K97: 11664 | L97: 10001 | M97: 10487 | N97: 10712 | O97: 7997 | P97: 6512 | Q97: 7119 | R97: 9957 | S97: 9144 | T97: 6495 | U97: 7212 | V97: 6566 | W97: 5321 | X97: 6650
A98: Indonesia | B98: Historical Production | C98: GWh | D98: Transformation\Centralized Electricity Generation\Processes\Gas Engine | E98: 0 | F98: 0 | G98: 121 | H98: 0 | I98: 0 | J98: 74 | K98: 48 | L98: 55 | M98: 382 | N98: 51 | O98: 1233 | P98: 2451 | Q98: 82 | R98: 198 | S98: 6417 | T98: 9259 | U98: 10353 | V98: 10806 | W98: 10295 | X98: 10748
A99: Indonesia | B99: Historical Production | C99: GWh | D99: Transformation\Centralized Electricity Generation\Processes\Gas Combined Cycle | E99: 33838 | F99: 33734 | G99: 34120 | H99: 39322 | I99: 39141 | J99: 43324 | K99: 44589 | L99: 39088 | M99: 41431 | N99: 43781 | O99: 44646 | P99: 48208 | Q99: 44173 | R99: 43963 | S99: 43154 | T99: 34143 | U99: 37975 | V99: 38475 | W99: 43614 | X99: 47699
A100: Indonesia | B100: Historical Production | C100: GWh | D100: Transformation\Centralized Electricity Generation\Processes\Large Hydro | E100: 10725 | F100: 9623 | G100: 11286 | H100: 11528 | I100: 11384 | J100: 17456 | K100: 12419 | L100: 12799 | M100: 16923 | N100: 15161 | O100: 13741 | P100: 18677 | Q100: 18632 | R100: 21613 | S100: 21125 | T100: 24289 | U100: 24578 | V100: 27161 | W100: 24590 | X100: 27138
...

Sheet Input_MYS_Adj
A1: Branch Path | B1: Variable | C1: Region | D1: Source | E1: Notes | F1: Fuel | G1: Technology | H1: Unit | I1: 2005 | J1: 2006 | K1: 2007 | L1: 2008 | M1: 2009 | N1: 2010 | O1: 2011 | P1: 2012 | Q1: 2013 | R1: 2014 | S1: 2015 | T1: 2016 | U1: 2017 | V1: 2018 | W1: 2019 | X1: 2020 | Y1: 2021 | Z1: 2022 | AA1: 2023 | AB1: 2024 | AF1: Existing Capacity | BA1: Historical Production
A2: ="Transformation\CentralizedElectricityGeneration\Processes\"&G2 -> Transformation\CentralizedElectricityGeneration\Processes\Coal Subcritical_MYPE | B2: Existing Capacity | C2: MYPE | D2: MYenergySTats | E2: 2020-2024 from PIN, 2005-2019 fractioned from LEAP file | F2: Coal Subcritical | G2: =$F2&"_"&Input_MYS_Adj!$C2 -> Coal Subcritical_MYPE | H2: MW | I2: {=AF13:AT28} -> #REF! | J2: 0 | K2: 0 | L2: 0 | M2: 0 | N2: 0 | O2: 0 | P2: 0 | Q2: 0 | R2: 0 | S2: 0 | T2: 0 | U2: 0 | V2: 0 | W2: 0 | X2: {=_xlfn.ANCHORARRAY(AJ56)} -> 9648.1 | Y2: 9459.6 | Z2: 9604.3 | AA2: 9702.8 | AB2: 9702.8 | AD2: Branch | AE2: Region | AF2: {=_xlfn.SEQUENCE(,20,2005)} -> 2005 | AG2: 2006 | AH2: 2007 | AI2: 2008 | AJ2: 2009 | AK2: 2010 | AL2: 2011 | AM2: 2012 | AN2: 2013 | AO2: 2014 | AP2: 2015 | AQ2: 2016 | AR2: 2017 | AS2: 2018 | AT2: 2019 | AU2: 2020 | AV2: 2021 | AW2: 2022 | AX2: 2023 | AY2: 2024 | BA2: {=_xlfn.SEQUENCE(,20,2005)} -> 2005 | BB2: 2006 | BC2: 2007 | BD2: 2008 | BE2: 2009 | BF2: 2010 | BG2: 2011 | BH2: 2012 | BI2: 2013 | BJ2: 2014 | BK2: 2015 | BL2: 2016 | BM2: 2017 | BN2: 2018 | BO2: 2019 | BP2: 2020 | BQ2: 2021 | BR2: 2022 | BS2: 2023 | BT2: 2024
A3: ="Transformation\CentralizedElectricityGeneration\Processes\"&G3 -> Transformation\CentralizedElectricityGeneration\Processes\Diesel_MYPE | B3: Existing Capacity | C3: MYPE | D3: MYenergySTats | E3: 2020-2024 from PIN, 2005-2019 fractioned from LEAP file | F3: Diesel | G3: =$F3&"_"&Input_MYS_Adj!$C3 -> Diesel_MYPE | H3: MW | I3: 0 | J3: 0 | K3: 0 | L3: 0 | M3: 0 | N3: 0 | O3: 0 | P3: 0 | Q3: 0 | R3: 0 | S3: 0 | T3: 0 | U3: 0 | V3: 0 | W3: 0 | X3: 60.1 | Y3: -41.6 | Z3: 35.23 | AA3: 213.1 | AB3: 244.7 | AD3: Coal Subcritical | AE3: Malaysia | AF3: {=_xlfn.CHOOSECOLS(_xlfn._xlws.FILTER([1]!CA_ori[#Data],([1]!CA_ori[Variable]=AF1)*([1]!CA_ori[Region]="Malaysia")*( ISNUMBER(MATCH(_xlfn.TEXTAFTER([1]!CA_ori[Branch Path],"\",3),Input_MYS_Adj!AD3:AD8,0)))),_xlfn.SEQUENCE(,20,13))} -> #REF! | BA3: {=_xlfn.CHOOSECOLS(_xlfn._xlws.FILTER([1]!CA_ori[#Data],([1]!CA_ori[Variable]=BA1)*([1]!CA_ori[Region]="Malaysia")*( ISNUMBER(MATCH(_xlfn.TEXTAFTER([1]!CA_ori[Branch Path],"\",3),Input_MYS_Adj!AD3:AD8,0)))),_xlfn.SEQUENCE(,20,13))} -> #REF!
A4: ="Transformation\CentralizedElectricityGeneration\Processes\"&G4 -> Transformation\CentralizedElectricityGeneration\Processes\Gas Combined Cycle_MYPE | B4: Existing Capacity | C4: MYPE | D4: MYenergySTats | E4: 2020-2024 from PIN, 2005-2019 fractioned from LEAP file | F4: Gas Combined Cycle | G4: =$F4&"_"&Input_MYS_Adj!$C4 -> Gas Combined Cycle_MYPE | H4: MW | I4: 0 | J4: 0 | K4: 0 | L4: 0 | M4: 0 | N4: 0 | O4: 0 | P4: 0 | Q4: 0 | R4: 0 | S4: 0 | T4: 0 | U4: 0 | V4: 0 | W4: 0 | X4: 10653.6 | Y4: 10763.4 | Z4: 10896.38 | AA4: 11552.4 | AB4: 12130 | AD4: Diesel | AE4: Malaysia
A5: ="Transformation\CentralizedElectricityGeneration\Processes\"&G5 -> Transformation\CentralizedElectricityGeneration\Processes\Large Hydro_MYPE | B5: Existing Capacity | C5: MYPE | D5: MYenergySTats | E5: 2020-2024 from PIN, 2005-2019 fractioned from LEAP file | F5: Large Hydro | G5: =$F5&"_"&Input_MYS_Adj!$C5 -> Large Hydro_MYPE | H5: MW | I5: 0 | J5: 0 | K5: 0 | L5: 0 | M5: 0 | N5: 0 | O5: 0 | P5: 0 | Q5: 0 | R5: 0 | S5: 0 | T5: 0 | U5: 0 | V5: 0 | W5: 0 | X5: 2641 | Y5: 2510.3 | Z5: 2649.3 | AA5: 2536.2 | AB5: 2556.2 | AD5: Gas Combined Cycle | AE5: Malaysia
A6: ="Transformation\CentralizedElectricityGeneration\Processes\"&G6 -> Transformation\CentralizedElectricityGeneration\Processes\Solar PV_MYPE | B6: Existing Capacity | C6: MYPE | D6: MYenergySTats | E6: 2020-2024 from PIN, 2005-2019 fractioned from LEAP file | F6: Solar PV | G6: =$F6&"_"&Input_MYS_Adj!$C6 -> Solar PV_MYPE | H6: MW | I6: 0 | J6: 0 | K6: 0 | L6: 0 | M6: 0 | N6: 0 | O6: 0 | P6: 0 | Q6: 0 | R6: 0 | S6: 0 | T6: 0 | U6: 0 | V6: 0 | W6: 0 | X6: 1220.7 | Y6: 1717.9 | Z6: 2337.3 | AA6: 1844.2 | AB6: 2224.2 | AD6: Large Hydro | AE6: Malaysia
A7: ="Transformation\CentralizedElectricityGeneration\Processes\"&G7 -> Transformation\CentralizedElectricityGeneration\Processes\Biomass Other_MYPE | B7: Existing Capacity | C7: MYPE | D7: MYenergySTats | E7: 2020-2024 from PIN, 2005-2019 fractioned from LEAP file | F7: Biomass Other | G7: =$F7&"_"&Input_MYS_Adj!$C7 -> Biomass Other_MYPE | H7: MW | I7: 0 | J7: 0 | K7: 0 | L7: 0 | M7: 0 | N7: 0 | O7: 0 | P7: 0 | Q7: 0 | R7: 0 | S7: 0 | T7: 0 | U7: 0 | V7: 0 | W7: 0 | X7: 442.2 | Y7: 338.6 | Z7: 109.13 | AA7: 635.7 | AB7: 644.8 | AD7: Solar PV | AE7: Malaysia
A8: ="Transformation\CentralizedElectricityGeneration\Processes\"&G8 -> Transformation\CentralizedElectricityGeneration\Processes\Diesel_MYSB | B8: Existing Capacity | C8: MYSB | D8: ST National Energy Balance (2020-2022) | E8: 2020-2024 from PIN, 2005-2019 fractioned from LEAP file | F8: Diesel | G8: =$F8&"_"&Input_MYS_Adj!$C8 -> Diesel_MYSB | H8: MW | I8: 0 | J8: 0 | K8: 0 | L8: 0 | M8: 0 | N8: 0 | O8: 0 | P8: 0 | Q8: 0 | R8: 0 | S8: 0 | T8: 0 | U8: 0 | V8: 0 | W8: 0 | X8: 361 | Y8: 278.6 | Z8: 439.6 | AA8: 340 | AB8: 340 | AD8: Biomass Other | AE8: Malaysia
A9: ="Transformation\CentralizedElectricityGeneration\Processes\"&G9 -> Transformation\CentralizedElectricityGeneration\Processes\Gas Combined Cycle_MYSB | B9: Existing Capacity | C9: MYSB | D9: ST National Energy Balance (2020-2022) | E9: 2020-2024 from PIN, 2005-2019 fractioned from LEAP file | F9: Gas Combined Cycle | G9: =$F9&"_"&Input_MYS_Adj!$C9 -> Gas Combined Cycle_MYSB | H9: MW | I9: 0 | J9: 0 | K9: 0 | L9: 0 | M9: 0 | N9: 0 | O9: 0 | P9: 0 | Q9: 0 | R9: 0 | S9: 0 | T9: 0 | U9: 0 | V9: 0 | W9: 0 | X9: 1194.1 | Y9: 1194 | Z9: 1182.5 | AA9: 1182.5 | AB9: 1182.5
A10: ="Transformation\CentralizedElectricityGeneration\Processes\"&G10 -> Transformation\CentralizedElectricityGeneration\Processes\Large Hydro_MYSB | B10: Existing Capacity | C10: MYSB | D10: ST National Energy Balance (2020-2022) | E10: 2020-2024 from PIN, 2005-2019 fractioned from LEAP file | F10: Large Hydro | G10: =$F10&"_"&Input_MYS_Adj!$C10 -> Large Hydro_MYSB | H10: MW | I10: 0 | J10: 0 | K10: 0 | L10: 0 | M10: 0 | N10: 0 | O10: 0 | P10: 0 | Q10: 0 | R10: 0 | S10: 0 | T10: 0 | U10: 0 | V10: 0 | W10: 0 | X10: 87.6 | Y10: 99.6 | Z10: 101.8 | AA10: 101.8 | AB10: 101.8 | AD10: Fractioned
A11: ="Transformation\CentralizedElectricityGeneration\Processes\"&G11 -> Transformation\CentralizedElectricityGeneration\Processes\Solar PV_MYSB | B11: Existing Capacity | C11: MYSB | D11: ST National Energy Balance (2020-2022) | E11: 2020-2024 from PIN, 2005-2019 fractioned from LEAP file | F11: Solar PV | G11: =$F11&"_"&Input_MYS_Adj!$C11 -> Solar PV_MYSB | H11: MW | I11: 0 | J11: 0 | K11: 0 | L11: 0 | M11: 0 | N11: 0 | O11: 0 | P11: 0 | Q11: 0 | R11: 0 | S11: 0 | T11: 0 | U11: 0 | V11: 0 | W11: 0 | X11: 114.3 | Y11: 114.3 | Z11: 85.8 | AA11: 85.8 | AB11: 85.8 | AF11: Existing Capacity
A12: ="Transformation\CentralizedElectricityGeneration\Processes\"&G12 -> Transformation\CentralizedElectricityGeneration\Processes\Biomass Other_MYSB | B12: Existing Capacity | C12: MYSB | D12: ST National Energy Balance (2020-2022) | E12: 2020-2024 from PIN, 2005-2019 fractioned from LEAP file | F12: Biomass Other | G12: =$F12&"_"&Input_MYS_Adj!$C12 -> Biomass Other_MYSB | H12: MW | I12: 0 | J12: 0 | K12: 0 | L12: 0 | M12: 0 | N12: 0 | O12: 0 | P12: 0 | Q12: 0 | R12: 0 | S12: 0 | T12: 0 | U12: 0 | V12: 0 | W12: 0 | X12: 190.6 | Y12: 178.9 | Z12: 183.3 | AA12: 183.3 | AB12: 183.3 | AD12: Branch | AE12: Region | AF12: {=_xlfn.SEQUENCE(,15,2005)} -> 2005 | AG12: 2006 | AH12: 2007 | AI12: 2008 | AJ12: 2009 | AK12: 2010 | AL12: 2011 | AM12: 2012 | AN12: 2013 | AO12: 2014 | AP12: 2015 | AQ12: 2016 | AR12: 2017 | AS12: 2018 | AT12: 2019 | BA12: {=_xlfn.ANCHORARRAY(BA2)} -> 2005 | BB12: 2006 | BC12: 2007 | BD12: 2008 | BE12: 2009 | BF12: 2010 | BG12: 2011 | BH12: 2012 | BI12: 2013 | BJ12: 2014 | BK12: 2015 | BL12: 2016 | BM12: 2017 | BN12: 2018 | BO12: 2019 | BP12: 2020 | BQ12: 2021 | BR12: 2022 | BS12: 2023 | BT12: 2024
A13: ="Transformation\CentralizedElectricityGeneration\Processes\"&G13 -> Transformation\CentralizedElectricityGeneration\Processes\Coal Subcritical_MYSR | B13: Existing Capacity | C13: MYSR | D13: ST National Energy Balance (2020-2022) | E13: 2020-2024 from PIN, 2005-2019 fractioned from LEAP file | F13: Coal Subcritical | G13: =$F13&"_"&Input_MYS_Adj!$C13 -> Coal Subcritical_MYSR | H13: MW | I13: #REF! | J13: 0 | K13: 0 | L13: 0 | M13: 0 | N13: 0 | O13: 0 | P13: 0 | Q13: 0 | R13: 0 | S13: 0 | T13: 0 | U13: 0 | V13: 0 | W13: 0 | X13: 1104 | Y13: 1104 | Z13: 1054 | AA13: 1054 | AB13: 1054 | AD13: {=G2:G17} -> Coal Subcritical_MYPE | AE13: Malaysia | AF13: {=_xlfn._xlws.FILTER($AF$3:$AT$8,ISNUMBER(MATCH($AD$3:$AD$8,_xlfn.ANCHORARRAY(AI31),0)))*AK31:AK36} -> #REF! | AG13: 0 | AH13: 0 | AI13: 0 | AJ13: 0 | AK13: 0 | AL13: 0 | AM13: 0 | AN13: 0 | AO13: 0 | AP13: 0 | AQ13: 0 | AR13: 0 | AS13: 0 | AT13: 0 | BA13: {=_xlfn._xlws.FILTER(_xlfn.ANCHORARRAY(BA3),ISNUMBER(MATCH($AD$3:$AD$8,_xlfn.ANCHORARRAY(AI31),0)))*AK31:AK36} -> #VALUE!
A14: ="Transformation\CentralizedElectricityGeneration\Processes\"&G14 -> Transformation\CentralizedElectricityGeneration\Processes\Diesel_MYSR | B14: Existing Capacity | C14: MYSR | D14: ST National Energy Balance (2020-2022) | E14: 2020-2024 from PIN, 2005-2019 fractioned from LEAP file | F14: Diesel | G14: =$F14&"_"&Input_MYS_Adj!$C14 -> Diesel_MYSR | H14: MW | I14: 0 | J14: 0 | K14: 0 | L14: 0 | M14: 0 | N14: 0 | O14: 0 | P14: 0 | Q14: 0 | R14: 0 | S14: 0 | T14: 0 | U14: 0 | V14: 0 | W14: 0 | X14: 117.2 | Y14: 114.6 | Z14: 121.1 | AA14: 64 | AB14: 64 | AD14: Diesel_MYPE | AE14: Malaysia | AF14: 0 | AG14: 0 | AH14: 0 | AI14: 0 | AJ14: 0 | AK14: 0 | AL14: 0 | AM14: 0 | AN14: 0 | AO14: 0 | AP14: 0 | AQ14: 0 | AR14: 0 | AS14: 0 | AT14: 0 | BA14: #VALUE!
A15: ="Transformation\CentralizedElectricityGeneration\Processes\"&G15 -> Transformation\CentralizedElectricityGeneration\Processes\Gas Combined Cycle_MYSR | B15: Existing Capacity | C15: MYSR | D15: ST National Energy Balance (2020-2022) | E15: 2020-2024 from PIN, 2005-2019 fractioned from LEAP file | F15: Gas Combined Cycle | G15: =$F15&"_"&Input_MYS_Adj!$C15 -> Gas Combined Cycle_MYSR | H15: MW | I15: 0 | J15: 0 | K15: 0 | L15: 0 | M15: 0 | N15: 0 | O15: 0 | P15: 0 | Q15: 0 | R15: 0 | S15: 0 | T15: 0 | U15: 0 | V15: 0 | W15: 0 | X15: 981 | Y15: 1394 | Z15: 1806.6 | AA15: 1706 | AB15: 1706 | AD15: Gas Combined Cycle_MYPE | AE15: Malaysia | AF15: 0 | AG15: 0 | AH15: 0 | AI15: 0 | AJ15: 0 | AK15: 0 | AL15: 0 | AM15: 0 | AN15: 0 | AO15: 0 | AP15: 0 | AQ15: 0 | AR15: 0 | AS15: 0 | AT15: 0 | BA15: #VALUE!
A16: ="Transformation\CentralizedElectricityGeneration\Processes\"&G16 -> Transformation\CentralizedElectricityGeneration\Processes\Large Hydro_MYSR | B16: Existing Capacity | C16: MYSR | D16: ST National Energy Balance (2020-2022) | E16: 2020-2024 from PIN, 2005-2019 fractioned from LEAP file | F16: Large Hydro | G16: =$F16&"_"&Input_MYS_Adj!$C16 -> Large Hydro_MYSR | H16: MW | I16: 0 | J16: 0 | K16: 0 | L16: 0 | M16: 0 | N16: 0 | O16: 0 | P16: 0 | Q16: 0 | R16: 0 | S16: 0 | T16: 0 | U16: 0 | V16: 0 | W16: 0 | X16: 3459.8 | Y16: 3470.9 | Z16: 3458.2 | AA16: 3572 | AB16: 3572 | AD16: Large Hydro_MYPE | AE16: Malaysia | AF16: 0 | AG16: 0 | AH16: 0 | AI16: 0 | AJ16: 0 | AK16: 0 | AL16: 0 | AM16: 0 | AN16: 0 | AO16: 0 | AP16: 0 | AQ16: 0 | AR16: 0 | AS16: 0 | AT16: 0 | BA16: #VALUE!
A17: ="Transformation\CentralizedElectricityGeneration\Processes\"&G17 -> Transformation\CentralizedElectricityGeneration\Processes\Biomass Other_MYSR | B17: Existing Capacity | C17: MYSR | D17: ST National Energy Balance (2020-2022) | E17: 2020-2024 from PIN, 2005-2019 fractioned from LEAP file | F17: Biomass Other | G17: =$F17&"_"&Input_MYS_Adj!$C17 -> Biomass Other_MYSR | H17: MW | I17: 0 | J17: 0 | K17: 0 | L17: 0 | M17: 0 | N17: 0 | O17: 0 | P17: 0 | Q17: 0 | R17: 0 | S17: 0 | T17: 0 | U17: 0 | V17: 0 | W17: 0 | X17: 57.8 | Y17: 63.2 | Z17: 34.2 | AA17: 0 | AB17: 0 | AD17: Solar PV_MYPE | AE17: Malaysia | AF17: 0 | AG17: 0 | AH17: 0 | AI17: 0 | AJ17: 0 | AK17: 0 | AL17: 0 | AM17: 0 | AN17: 0 | AO17: 0 | AP17: 0 | AQ17: 0 | AR17: 0 | AS17: 0 | AT17: 0 | BA17: #VALUE!
A18: ="Transformation\CentralizedElectricityGeneration\Processes\"&G18 -> Transformation\CentralizedElectricityGeneration\Processes\Coal Subcritical_MYPE | B18: Historical Production | C18: MYPE | E18: Fractioned from LEAP File | F18: Coal Subcritical | G18: Coal Subcritical_MYPE | H18: Gigawatt-Hour | I18: {=BA13:BT28} -> #VALUE! | J18: 0 | K18: 0 | L18: 0 | M18: 0 | N18: 0 | O18: 0 | P18: 0 | Q18: 0 | R18: 0 | S18: 0 | T18: 0 | U18: 0 | V18: 0 | W18: 0 | X18: 0 | Y18: 0 | Z18: 0 | AA18: 0 | AB18: 0 | AD18: Biomass Other_MYPE | AE18: Malaysia | AF18: 0 | AG18: 0 | AH18: 0 | AI18: 0 | AJ18: 0 | AK18: 0 | AL18: 0 | AM18: 0 | AN18: 0 | AO18: 0 | AP18: 0 | AQ18: 0 | AR18: 0 | AS18: 0 | AT18: 0 | BA18: #VALUE!
A19: ="Transformation\CentralizedElectricityGeneration\Processes\"&G19 -> Transformation\CentralizedElectricityGeneration\Processes\Diesel_MYPE | B19: Historical Production | C19: MYPE | E19: Fractioned from LEAP File | F19: Diesel | G19: Diesel_MYPE | H19: Gigawatt-Hour | I19: #VALUE! | J19: 0 | K19: 0 | L19: 0 | M19: 0 | N19: 0 | O19: 0 | P19: 0 | Q19: 0 | R19: 0 | S19: 0 | T19: 0 | U19: 0 | V19: 0 | W19: 0 | X19: 0 | Y19: 0 | Z19: 0 | AA19: 0 | AB19: 0 | AD19: Diesel_MYSB | AE19: Malaysia | AF19: {=_xlfn._xlws.FILTER($AF$3:$AT$8,ISNUMBER(MATCH($AD$3:$AD$8,_xlfn.ANCHORARRAY(AI37),0)))*AK37:AK41} -> 0 | AG19: 0 | AH19: 0 | AI19: 0 | AJ19: 0 | AK19: 0 | AL19: 0 | AM19: 0 | AN19: 0 | AO19: 0 | AP19: 0 | AQ19: 0 | AR19: 0 | AS19: 0 | AT19: 0 | BA19: {=_xlfn._xlws.FILTER(_xlfn.ANCHORARRAY(BA3),ISNUMBER(MATCH($AD$3:$AD$8,_xlfn.ANCHORARRAY(AI37),0)))*AK37:AK41} -> #VALUE!
A20: ="Transformation\CentralizedElectricityGeneration\Processes\"&G20 -> Transformation\CentralizedElectricityGeneration\Processes\Gas Combined Cycle_MYPE | B20: Historical Production | C20: MYPE | E20: Fractioned from LEAP File | F20: Gas Combined Cycle | G20: Gas Combined Cycle_MYPE | H20: Gigawatt-Hour | I20: #VALUE! | J20: 0 | K20: 0 | L20: 0 | M20: 0 | N20: 0 | O20: 0 | P20: 0 | Q20: 0 | R20: 0 | S20: 0 | T20: 0 | U20: 0 | V20: 0 | W20: 0 | X20: 0 | Y20: 0 | Z20: 0 | AA20: 0 | AB20: 0 | AD20: Gas Combined Cycle_MYSB | AE20: Malaysia | AF20: 0 | AG20: 0 | AH20: 0 | AI20: 0 | AJ20: 0 | AK20: 0 | AL20: 0 | AM20: 0 | AN20: 0 | AO20: 0 | AP20: 0 | AQ20: 0 | AR20: 0 | AS20: 0 | AT20: 0 | BA20: #VALUE!
A21: ="Transformation\CentralizedElectricityGeneration\Processes\"&G21 -> Transformation\CentralizedElectricityGeneration\Processes\Large Hydro_MYPE | B21: Historical Production | C21: MYPE | E21: Fractioned from LEAP File | F21: Large Hydro | G21: Large Hydro_MYPE | H21: Gigawatt-Hour | I21: #VALUE! | J21: 0 | K21: 0 | L21: 0 | M21: 0 | N21: 0 | O21: 0 | P21: 0 | Q21: 0 | R21: 0 | S21: 0 | T21: 0 | U21: 0 | V21: 0 | W21: 0 | X21: 0 | Y21: 0 | Z21: 0 | AA21: 0 | AB21: 0 | AD21: Large Hydro_MYSB | AE21: Malaysia | AF21: 0 | AG21: 0 | AH21: 0 | AI21: 0 | AJ21: 0 | AK21: 0 | AL21: 0 | AM21: 0 | AN21: 0 | AO21: 0 | AP21: 0 | AQ21: 0 | AR21: 0 | AS21: 0 | AT21: 0 | BA21: #VALUE!
A22: ="Transformation\CentralizedElectricityGeneration\Processes\"&G22 -> Transformation\CentralizedElectricityGeneration\Processes\Solar PV_MYPE | B22: Historical Production | C22: MYPE | E22: Fractioned from LEAP File | F22: Solar PV | G22: Solar PV_MYPE | H22: Gigawatt-Hour | I22: #VALUE! | J22: 0 | K22: 0 | L22: 0 | M22: 0 | N22: 0 | O22: 0 | P22: 0 | Q22: 0 | R22: 0 | S22: 0 | T22: 0 | U22: 0 | V22: 0 | W22: 0 | X22: 0 | Y22: 0 | Z22: 0 | AA22: 0 | AB22: 0 | AD22: Solar PV_MYSB | AE22: Malaysia | AF22: 0 | AG22: 0 | AH22: 0 | AI22: 0 | AJ22: 0 | AK22: 0 | AL22: 0 | AM22: 0 | AN22: 0 | AO22: 0 | AP22: 0 | AQ22: 0 | AR22: 0 | AS22: 0 | AT22: 0 | BA22: #VALUE!
A23: ="Transformation\CentralizedElectricityGeneration\Processes\"&G23 -> Transformation\CentralizedElectricityGeneration\Processes\Biomass Other_MYPE | B23: Historical Production | C23: MYPE | E23: Fractioned from LEAP File | F23: Biomass Other | G23: Biomass Other_MYPE | H23: Gigawatt-Hour | I23: #VALUE! | J23: 0 | K23: 0 | L23: 0 | M23: 0 | N23: 0 | O23: 0 | P23: 0 | Q23: 0 | R23: 0 | S23: 0 | T23: 0 | U23: 0 | V23: 0 | W23: 0 | X23: 0 | Y23: 0 | Z23: 0 | AA23: 0 | AB23: 0 | AD23: Biomass Other_MYSB | AE23: Malaysia | AF23: 0 | AG23: 0 | AH23: 0 | AI23: 0 | AJ23: 0 | AK23: 0 | AL23: 0 | AM23: 0 | AN23: 0 | AO23: 0 | AP23: 0 | AQ23: 0 | AR23: 0 | AS23: 0 | AT23: 0 | BA23: #VALUE!
A24: ="Transformation\CentralizedElectricityGeneration\Processes\"&G24 -> Transformation\CentralizedElectricityGeneration\Processes\Diesel_MYSB | B24: Historical Production | C24: MYSB | E24: Fractioned from LEAP File | F24: Coal Subcritical | G24: Diesel_MYSB | H24: Gigawatt-Hour | I24: #VALUE! | J24: 0 | K24: 0 | L24: 0 | M24: 0 | N24: 0 | O24: 0 | P24: 0 | Q24: 0 | R24: 0 | S24: 0 | T24: 0 | U24: 0 | V24: 0 | W24: 0 | X24: 0 | Y24: 0 | Z24: 0 | AA24: 0 | AB24: 0 | AD24: Coal Subcritical_MYSR | AE24: Malaysia | AF24: {=_xlfn._xlws.FILTER($AF$3:$AT$8,ISNUMBER(MATCH($AD$3:$AD$8,_xlfn.ANCHORARRAY(AI42),0)))*AK42:AK46} -> #REF! | AG24: 0 | AH24: 0 | AI24: 0 | AJ24: 0 | AK24: 0 | AL24: 0 | AM24: 0 | AN24: 0 | AO24: 0 | AP24: 0 | AQ24: 0 | AR24: 0 | AS24: 0 | AT24: 0 | BA24: {=_xlfn._xlws.FILTER(_xlfn.ANCHORARRAY(BA3),ISNUMBER(MATCH($AD$3:$AD$8,_xlfn.ANCHORARRAY(AI42),0)))*AK42:AK46} -> #VALUE!
A25: ="Transformation\CentralizedElectricityGeneration\Processes\"&G25 -> Transformation\CentralizedElectricityGeneration\Processes\Gas Combined Cycle_MYSB | B25: Historical Production | C25: MYSB | E25: Fractioned from LEAP File | F25: Diesel | G25: Gas Combined Cycle_MYSB | H25: Gigawatt-Hour | I25: #VALUE! | J25: 0 | K25: 0 | L25: 0 | M25: 0 | N25: 0 | O25: 0 | P25: 0 | Q25: 0 | R25: 0 | S25: 0 | T25: 0 | U25: 0 | V25: 0 | W25: 0 | X25: 0 | Y25: 0 | Z25: 0 | AA25: 0 | AB25: 0 | AD25: Diesel_MYSR | AE25: Malaysia | AF25: 0 | AG25: 0 | AH25: 0 | AI25: 0 | AJ25: 0 | AK25: 0 | AL25: 0 | AM25: 0 | AN25: 0 | AO25: 0 | AP25: 0 | AQ25: 0 | AR25: 0 | AS25: 0 | AT25: 0 | BA25: #VALUE!
A26: ="Transformation\CentralizedElectricityGeneration\Processes\"&G26 -> Transformation\CentralizedElectricityGeneration\Processes\Large Hydro_MYSB | B26: Historical Production | C26: MYSB | E26: Fractioned from LEAP File | F26: Gas Combined Cycle | G26: Large Hydro_MYSB | H26: Gigawatt-Hour | I26: #VALUE! | J26: 0 | K26: 0 | L26: 0 | M26: 0 | N26: 0 | O26: 0 | P26: 0 | Q26: 0 | R26: 0 | S26: 0 | T26: 0 | U26: 0 | V26: 0 | W26: 0 | X26: 0 | Y26: 0 | Z26: 0 | AA26: 0 | AB26: 0 | AD26: Gas Combined Cycle_MYSR | AE26: Malaysia | AF26: 0 | AG26: 0 | AH26: 0 | AI26: 0 | AJ26: 0 | AK26: 0 | AL26: 0 | AM26: 0 | AN26: 0 | AO26: 0 | AP26: 0 | AQ26: 0 | AR26: 0 | AS26: 0 | AT26: 0 | BA26: #VALUE!
A27: ="Transformation\CentralizedElectricityGeneration\Processes\"&G27 -> Transformation\CentralizedElectricityGeneration\Processes\Solar PV_MYSB | B27: Historical Production | C27: MYSB | E27: Fractioned from LEAP File | F27: Large Hydro | G27: Solar PV_MYSB | H27: Gigawatt-Hour | I27: #VALUE! | J27: 0 | K27: 0 | L27: 0 | M27: 0 | N27: 0 | O27: 0 | P27: 0 | Q27: 0 | R27: 0 | S27: 0 | T27: 0 | U27: 0 | V27: 0 | W27: 0 | X27: 0 | Y27: 0 | Z27: 0 | AA27: 0 | AB27: 0 | AD27: Large Hydro_MYSR | AE27: Malaysia | AF27: 0 | AG27: 0 | AH27: 0 | AI27: 0 | AJ27: 0 | AK27: 0 | AL27: 0 | AM27: 0 | AN27: 0 | AO27: 0 | AP27: 0 | AQ27: 0 | AR27: 0 | AS27: 0 | AT27: 0 | BA27: #VALUE!
A28: ="Transformation\CentralizedElectricityGeneration\Processes\"&G28 -> Transformation\CentralizedElectricityGeneration\Processes\Biomass Other_MYSB | B28: Historical Production | C28: MYSB | E28: Fractioned from LEAP File | F28: Solar PV | G28: Biomass Other_MYSB | H28: Gigawatt-Hour | I28: #VALUE! | J28: 0 | K28: 0 | L28: 0 | M28: 0 | N28: 0 | O28: 0 | P28: 0 | Q28: 0 | R28: 0 | S28: 0 | T28: 0 | U28: 0 | V28: 0 | W28: 0 | X28: 0 | Y28: 0 | Z28: 0 | AA28: 0 | AB28: 0 | AD28: Biomass Other_MYSR | AE28: Malaysia | AF28: 0 | AG28: 0 | AH28: 0 | AI28: 0 | AJ28: 0 | AK28: 0 | AL28: 0 | AM28: 0 | AN28: 0 | AO28: 0 | AP28: 0 | AQ28: 0 | AR28: 0 | AS28: 0 | AT28: 0 | BA28: #VALUE!
A29: ="Transformation\CentralizedElectricityGeneration\Processes\"&G29 -> Transformation\CentralizedElectricityGeneration\Processes\Coal Subcritical_MYSR | B29: Historical Production | C29: MYSB | E29: Fractioned from LEAP File | F29: Biomass Other | G29: Coal Subcritical_MYSR | H29: Gigawatt-Hour | I29: #VALUE! | J29: 0 | K29: 0 | L29: 0 | M29: 0 | N29: 0 | O29: 0 | P29: 0 | Q29: 0 | R29: 0 | S29: 0 | T29: 0 | U29: 0 | V29: 0 | W29: 0 | X29: 0 | Y29: 0 | Z29: 0 | AA29: 0 | AB29: 0
A30: ="Transformation\CentralizedElectricityGeneration\Processes\"&G30 -> Transformation\CentralizedElectricityGeneration\Processes\Diesel_MYSR | B30: Historical Production | C30: MYSR | E30: Fractioned from LEAP File | F30: Coal Subcritical | G30: Diesel_MYSR | H30: Gigawatt-Hour | I30: #VALUE! | J30: 0 | K30: 0 | L30: 0 | M30: 0 | N30: 0 | O30: 0 | P30: 0 | Q30: 0 | R30: 0 | S30: 0 | T30: 0 | U30: 0 | V30: 0 | W30: 0 | X30: 0 | Y30: 0 | Z30: 0 | AA30: 0 | AB30: 0 | AD30: Annual System Cost | AI30: Fractions | AK30: {=_xlfn.SEQUENCE(,5,2020)} -> 2020 | AL30: 2021 | AM30: 2022 | AN30: 2023 | AO30: 2024
A31: ="Transformation\CentralizedElectricityGeneration\Processes\"&G31 -> Transformation\CentralizedElectricityGeneration\Processes\Gas Combined Cycle_MYSR | B31: Historical Production | C31: MYSR | E31: Fractioned from LEAP File | F31: Diesel | G31: Gas Combined Cycle_MYSR | H31: Gigawatt-Hour | I31: #VALUE! | J31: 0 | K31: 0 | L31: 0 | M31: 0 | N31: 0 | O31: 0 | P31: 0 | Q31: 0 | R31: 0 | S31: 0 | T31: 0 | U31: 0 | V31: 0 | W31: 0 | X31: 0 | Y31: 0 | Z31: 0 | AA31: 0 | AB31: 0 | AD31: Year | AE31: Annual System Cost (RM billion) | AI31: {=F2:F7} -> Coal Subcritical | AJ31: MYPE | AK31: {=IFERROR(_xlfn._xlws.FILTER(Input_MYS_Adj!$X$2:$AB$33,((Input_MYS_Adj!$B$2:$B$33="Existing Capacity")*(Input_MYS_Adj!$F$2:$F$33=AI31)*(Input_MYS_Adj!$C$2:$C$33=AJ31)))/_xlfn.BYCOL(_xlfn._xlws.FILTER(Input_MYS_Adj!$X$2:$AB$33,(Input_MYS_Adj!$B$2:$B$33="Existing Capacity")*(Input_MYS_Adj!$F$2:$F$33=AI31)),_xleta.SUM),0)} -> 0.89732238 | AL31: 0.89549017 | AM31: 0.90110993 | AN31: 0.90201547 | AO31: 0.90201547
A32: ="Transformation\CentralizedElectricityGeneration\Processes\"&G32 -> Transformation\CentralizedElectricityGeneration\Processes\Large Hydro_MYSR | B32: Historical Production | C32: MYSR | E32: Fractioned from LEAP File | F32: Gas Combined Cycle | G32: Large Hydro_MYSR | H32: Gigawatt-Hour | I32: #VALUE! | J32: 0 | K32: 0 | L32: 0 | M32: 0 | N32: 0 | O32: 0 | P32: 0 | Q32: 0 | R32: 0 | S32: 0 | T32: 0 | U32: 0 | V32: 0 | W32: 0 | X32: 0 | Y32: 0 | Z32: 0 | AA32: 0 | AB32: 0 | AD32: 2021 | AE32: 28.79 | AF32: {=AE32:AE50*0.2529} -> 7.280991 | AI32: Diesel | AJ32: MYPE | AK32: {=IFERROR(_xlfn._xlws.FILTER(Input_MYS_Adj!$X$2:$AB$33,((Input_MYS_Adj!$B$2:$B$33="Existing Capacity")*(Input_MYS_Adj!$F$2:$F$33=AI32)*(Input_MYS_Adj!$C$2:$C$33=AJ32)))/_xlfn.BYCOL(_xlfn._xlws.FILTER(Input_MYS_Adj!$X$2:$AB$33,(Input_MYS_Adj!$B$2:$B$33="Existing Capacity")*(Input_MYS_Adj!$F$2:$F$33=AI32)),_xleta.SUM),0)} -> 0.11164778 | AL32: -0.11831627 | AM32: 0.059117682 | AN32: 0.34532491 | AO32: 0.37721597
A33: ="Transformation\CentralizedElectricityGeneration\Processes\"&G33 -> Transformation\CentralizedElectricityGeneration\Processes\Biomass Other_MYSR | B33: Historical Production | C33: MYSR | E33: Fractioned from LEAP File | F33: Large Hydro | G33: Biomass Other_MYSR | H33: Gigawatt-Hour | I33: #VALUE! | J33: 0 | K33: 0 | L33: 0 | M33: 0 | N33: 0 | O33: 0 | P33: 0 | Q33: 0 | R33: 0 | S33: 0 | T33: 0 | U33: 0 | V33: 0 | W33: 0 | X33: 0 | Y33: 0 | Z33: 0 | AA33: 0 | AB33: 0 | AD33: 2022 | AE33: 30.1 | AF33: 7.61229 | AI33: Gas Combined Cycle | AJ33: MYPE | AK33: {=IFERROR(_xlfn._xlws.FILTER(Input_MYS_Adj!$X$2:$AB$33,((Input_MYS_Adj!$B$2:$B$33="Existing Capacity")*(Input_MYS_Adj!$F$2:$F$33=AI33)*(Input_MYS_Adj!$C$2:$C$33=AJ33)))/_xlfn.BYCOL(_xlfn._xlws.FILTER(Input_MYS_Adj!$X$2:$AB$33,(Input_MYS_Adj!$B$2:$B$33="Existing Capacity")*(Input_MYS_Adj!$F$2:$F$33=AI33)),_xleta.SUM),0)} -> 0.83045047 | AL33: 0.80616265 | AM33: 0.78473196 | AN33: 0.79997784 | AO33: 0.80767054
AD34: 2023 | AE34: 29.6 | AF34: 7.48584 | AI34: Large Hydro | AJ34: MYPE | AK34: {=IFERROR(_xlfn._xlws.FILTER(Input_MYS_Adj!$X$2:$AB$33,((Input_MYS_Adj!$B$2:$B$33="Existing Capacity")*(Input_MYS_Adj!$F$2:$F$33=AI34)*(Input_MYS_Adj!$C$2:$C$33=AJ34)))/_xlfn.BYCOL(_xlfn._xlws.FILTER(Input_MYS_Adj!$X$2:$AB$33,(Input_MYS_Adj!$B$2:$B$33="Existing Capacity")*(Input_MYS_Adj!$F$2:$F$33=AI34)),_xleta.SUM),0)} -> 0.42676621 | AL34: 0.41282397 | AM34: 0.42666645 | AN34: 0.4084058 | AO34: 0.41030498
AD35: 2024 | AE35: 30 | AF35: 7.587 | AI35: Solar PV | AJ35: MYPE | AK35: {=IFERROR(_xlfn._xlws.FILTER(Input_MYS_Adj!$X$2:$AB$33,((Input_MYS_Adj!$B$2:$B$33="Existing Capacity")*(Input_MYS_Adj!$F$2:$F$33=AI35)*(Input_MYS_Adj!$C$2:$C$33=AJ35)))/_xlfn.BYCOL(_xlfn._xlws.FILTER(Input_MYS_Adj!$X$2:$AB$33,(Input_MYS_Adj!$B$2:$B$33="Existing Capacity")*(Input_MYS_Adj!$F$2:$F$33=AI35)),_xleta.SUM),0)} -> 0.91438202 | AL35: 0.93761598 | AM35: 0.96459081 | AN35: 0.95554404 | AO35: 0.96285714
AD36: 2025 | AE36: 30.6 | AF36: 7.73874 | AI36: Biomass Other | AJ36: MYPE | AK36: {=IFERROR(_xlfn._xlws.FILTER(Input_MYS_Adj!$X$2:$AB$33,((Input_MYS_Adj!$B$2:$B$33="Existing Capacity")*(Input_MYS_Adj!$F$2:$F$33=AI36)*(Input_MYS_Adj!$C$2:$C$33=AJ36)))/_xlfn.BYCOL(_xlfn._xlws.FILTER(Input_MYS_Adj!$X$2:$AB$33,(Input_MYS_Adj!$B$2:$B$33="Existing Capacity")*(Input_MYS_Adj!$F$2:$F$33=AI36)),_xleta.SUM),0)} -> 0.64031277 | AL36: 0.58308937 | AM36: 0.33410893 | AN36: 0.77619048 | AO36: 0.77864992
AD37: 2026 | AE37: 34.7 | AF37: 8.77563 | AI37: {=F8:F12} -> Diesel | AJ37: MYSB | AK37: {=IFERROR(_xlfn._xlws.FILTER(Input_MYS_Adj!$X$2:$AB$33,((Input_MYS_Adj!$B$2:$B$33="Existing Capacity")*(Input_MYS_Adj!$F$2:$F$33=AI37)*(Input_MYS_Adj!$C$2:$C$33=AJ37)))/_xlfn.BYCOL(_xlfn._xlws.FILTER(Input_MYS_Adj!$X$2:$AB$33,(Input_MYS_Adj!$B$2:$B$33="Existing Capacity")*(Input_MYS_Adj!$F$2:$F$33=AI37)),_xleta.SUM),0)} -> 0.67062976 | AL37: 0.7923777 | AM37: 0.73767053 | AN37: 0.55096419 | AO37: 0.52412517
AD38: 2027 | AE38: 36.2 | AF38: 9.15498 | AI38: Gas Combined Cycle | AJ38: MYSB | AK38: {=IFERROR(_xlfn._xlws.FILTER(Input_MYS_Adj!$X$2:$AB$33,((Input_MYS_Adj!$B$2:$B$33="Existing Capacity")*(Input_MYS_Adj!$F$2:$F$33=AI38)*(Input_MYS_Adj!$C$2:$C$33=AJ38)))/_xlfn.BYCOL(_xlfn._xlws.FILTER(Input_MYS_Adj!$X$2:$AB$33,(Input_MYS_Adj!$B$2:$B$33="Existing Capacity")*(Input_MYS_Adj!$F$2:$F$33=AI38)),_xleta.SUM),0)} -> 0.093080359 | AL38: 0.089428824 | AM38: 0.085160902 | AN38: 0.081885478 | AO38: 0.078736225
AD39: 2028 | AE39: 37.2 | AF39: 9.40788 | AI39: Large Hydro | AJ39: MYSB | AK39: {=IFERROR(_xlfn._xlws.FILTER(Input_MYS_Adj!$X$2:$AB$33,((Input_MYS_Adj!$B$2:$B$33="Existing Capacity")*(Input_MYS_Adj!$F$2:$F$33=AI39)*(Input_MYS_Adj!$C$2:$C$33=AJ39)))/_xlfn.BYCOL(_xlfn._xlws.FILTER(Input_MYS_Adj!$X$2:$AB$33,(Input_MYS_Adj!$B$2:$B$33="Existing Capacity")*(Input_MYS_Adj!$F$2:$F$33=AI39)),_xleta.SUM),0)} -> 0.014155517 | AL39: 0.016379424 | AM39: 0.016394763 | AN39: 0.016392915 | AO39: 0.016340289
AD40: 2029 | AE40: 39.2 | AF40: 9.91368 | AI40: Solar PV | AJ40: MYSB | AK40: {=IFERROR(_xlfn._xlws.FILTER(Input_MYS_Adj!$X$2:$AB$33,((Input_MYS_Adj!$B$2:$B$33="Existing Capacity")*(Input_MYS_Adj!$F$2:$F$33=AI40)*(Input_MYS_Adj!$C$2:$C$33=AJ40)))/_xlfn.BYCOL(_xlfn._xlws.FILTER(Input_MYS_Adj!$X$2:$AB$33,(Input_MYS_Adj!$B$2:$B$33="Existing Capacity")*(Input_MYS_Adj!$F$2:$F$33=AI40)),_xleta.SUM),0)} -> 0.085617978 | AL40: 0.062384019 | AM40: 0.035409187 | AN40: 0.044455959 | AO40: 0.037142857
AD41: 2030 | AE41: 41.96 | AF41: 10.611684 | AI41: Biomass Other | AJ41: MYSB | AK41: {=IFERROR(_xlfn._xlws.FILTER(Input_MYS_Adj!$X$2:$AB$33,((Input_MYS_Adj!$B$2:$B$33="Existing Capacity")*(Input_MYS_Adj!$F$2:$F$33=AI41)*(Input_MYS_Adj!$C$2:$C$33=AJ41)))/_xlfn.BYCOL(_xlfn._xlws.FILTER(Input_MYS_Adj!$X$2:$AB$33,(Input_MYS_Adj!$B$2:$B$33="Existing Capacity")*(Input_MYS_Adj!$F$2:$F$33=AI41)),_xleta.SUM),0)} -> 0.27599189 | AL41: 0.30807646 | AM41: 0.56118544 | AN41: 0.22380952 | AO41: 0.22135008
AD42: 2031 | AE42: 43.3 | AF42: 10.95057 | AI42: {=F13:F17} -> Coal Subcritical | AJ42: MYSR | AK42: {=IFERROR(_xlfn._xlws.FILTER(Input_MYS_Adj!$X$2:$AB$33,((Input_MYS_Adj!$B$2:$B$33="Existing Capacity")*(Input_MYS_Adj!$F$2:$F$33=AI42)*(Input_MYS_Adj!$C$2:$C$33=AJ42)))/_xlfn.BYCOL(_xlfn._xlws.FILTER(Input_MYS_Adj!$X$2:$AB$33,(Input_MYS_Adj!$B$2:$B$33="Existing Capacity")*(Input_MYS_Adj!$F$2:$F$33=AI42)),_xleta.SUM),0)} -> 0.10267762 | AL42: 0.10450983 | AM42: 0.098890067 | AN42: 0.097984531 | AO42: 0.097984531
AD43: 2032 | AE43: 44.6 | AF43: 11.27934 | AI43: Diesel | AJ43: MYSR | AK43: {=IFERROR(_xlfn._xlws.FILTER(Input_MYS_Adj!$X$2:$AB$33,((Input_MYS_Adj!$B$2:$B$33="Existing Capacity")*(Input_MYS_Adj!$F$2:$F$33=AI43)*(Input_MYS_Adj!$C$2:$C$33=AJ43)))/_xlfn.BYCOL(_xlfn._xlws.FILTER(Input_MYS_Adj!$X$2:$AB$33,(Input_MYS_Adj!$B$2:$B$33="Existing Capacity")*(Input_MYS_Adj!$F$2:$F$33=AI43)),_xleta.SUM),0)} -> 0.21772246 | AL43: 0.32593857 | AM43: 0.20321179 | AN43: 0.10371091 | AO43: 0.098658856
AD44: 2033 | AE44: 45.6 | AF44: 11.53224 | AI44: Gas Combined Cycle | AJ44: MYSR | AK44: {=IFERROR(_xlfn._xlws.FILTER(Input_MYS_Adj!$X$2:$AB$33,((Input_MYS_Adj!$B$2:$B$33="Existing Capacity")*(Input_MYS_Adj!$F$2:$F$33=AI44)*(Input_MYS_Adj!$C$2:$C$33=AJ44)))/_xlfn.BYCOL(_xlfn._xlws.FILTER(Input_MYS_Adj!$X$2:$AB$33,(Input_MYS_Adj!$B$2:$B$33="Existing Capacity")*(Input_MYS_Adj!$F$2:$F$33=AI44)),_xleta.SUM),0)} -> 0.076469167 | AL44: 0.10440853 | AM44: 0.13010713 | AN44: 0.11813668 | AO44: 0.11359324
AD45: 2034 | AE45: 47.9 | AF45: 12.11391 | AI45: Large Hydro | AJ45: MYSR | AK45: {=IFERROR(_xlfn._xlws.FILTER(Input_MYS_Adj!$X$2:$AB$33,((Input_MYS_Adj!$B$2:$B$33="Existing Capacity")*(Input_MYS_Adj!$F$2:$F$33=AI45)*(Input_MYS_Adj!$C$2:$C$33=AJ45)))/_xlfn.BYCOL(_xlfn._xlws.FILTER(Input_MYS_Adj!$X$2:$AB$33,(Input_MYS_Adj!$B$2:$B$33="Existing Capacity")*(Input_MYS_Adj!$F$2:$F$33=AI45)),_xleta.SUM),0)} -> 0.55907828 | AL45: 0.57079661 | AM45: 0.55693879 | AN45: 0.57520129 | AO45: 0.57335474
AD46: 2035 | AE46: 48.5 | AF46: 12.26565 | AI46: Biomass Other | AJ46: MYSR | AK46: {=IFERROR(_xlfn._xlws.FILTER(Input_MYS_Adj!$X$2:$AB$33,((Input_MYS_Adj!$B$2:$B$33="Existing Capacity")*(Input_MYS_Adj!$F$2:$F$33=AI46)*(Input_MYS_Adj!$C$2:$C$33=AJ46)))/_xlfn.BYCOL(_xlfn._xlws.FILTER(Input_MYS_Adj!$X$2:$AB$33,(Input_MYS_Adj!$B$2:$B$33="Existing Capacity")*(Input_MYS_Adj!$F$2:$F$33=AI46)),_xleta.SUM),0)} -> 0.083695337 | AL46: 0.10883417 | AM46: 0.10470563 | AN46: 0 | AO46: 0
AD47: 2036 | AE47: 50.2 | AF47: 12.69558
AD48: 2037 | AE48: 51.9 | AF48: 13.12551
AD49: 2038 | AE49: 51.8 | AF49: 13.10022
AD50: 2039 | AE50: 52.53 | AF50: 13.284837
AD54: Installed Capacity (PIN) | AE54: Original Data | AJ54: Altered | AO54: Factors
AD55: Technology | AE55: 2020 | AF55: 2021 | AG55: 2022 | AH55: 2023 | AI55: 2024 | AJ55: {=AE55:AI55} -> 2020 | AK55: 2021 | AL55: 2022 | AM55: 2023 | AN55: 2024 | AO55: {=_xlfn.ANCHORARRAY(AJ55)} -> 2020 | AP55: 2021 | AQ55: 2022 | AR55: 2023 | AS55: 2024
AD56: Coal Subcritical_MYPE | AE56: 12180 | AF56: 12180 | AG56: 12180 | AH56: 12180 | AI56: 12067 | AJ56: {=AE56:AI71+AO56:AS71} -> 9648.1 | AK56: 9459.6 | AL56: 9604.3 | AM56: 9702.8 | AN56: 9702.8 | AO56: -2531.9 | AP56: -2720.4 | AQ56: -2575.7 | AR56: -2477.2 | AS56: -2364.2
AD57: Diesel_MYPE | AE57: 55 | AF57: 54.5 | AG57: 35.23 | AH57: 89.7 | AI57: 89.5 | AJ57: 60.1 | AK57: -41.6 | AL57: 35.23 | AM57: 213.1 | AN57: 244.7 | AO57: 5.1 | AP57: -96.1 | AR57: 123.4 | AS57: 155.2
AD58: Gas Combined Cycle_MYPE | AE58: 10883 | AF58: 12406.5 | AG58: 13608.88 | AH58: 12451.9 | AI58: 12391.1 | AJ58: 10653.6 | AK58: 10763.4 | AL58: 10896.38 | AM58: 11552.4 | AN58: 12130 | AO58: -229.4 | AP58: -1643.1 | AQ58: -2712.5 | AR58: -899.5 | AS58: -261.1
AD59: Large Hydro_MYPE | AE59: 2641 | AF59: 2646.2 | AG59: 2649.3 | AH59: 2690.7 | AI59: 2668.5 | AJ59: 2641 | AK59: 2510.3 | AL59: 2649.3 | AM59: 2536.2 | AN59: 2556.2 | AP59: -135.9 | AR59: -154.5 | AS59: -112.3
AD60: Solar PV_MYPE | AE60: 1304.5 | AF60: 1585.1 | AG60: 2337.2 | AH60: 2961.3 | AI60: 4086.4 | AJ60: 1220.7 | AK60: 1717.9 | AL60: 2337.3 | AM60: 1844.2 | AN60: 2224.2 | AO60: -83.8 | AP60: 132.8 | AQ60: 0.1 | AR60: -1117.1 | AS60: -1862.2
AD61: Biomass Other_MYPE | AE61: 305.8 | AF61: 537.7 | AG61: 520.73 | AH61: 763.1 | AI61: 990 | AJ61: 442.2 | AK61: 338.6 | AL61: 109.13 | AM61: 635.7 | AN61: 644.8 | AO61: 136.4 | AP61: -199.1 | AQ61: -411.6 | AR61: -127.4 | AS61: -345.2
AD62: Diesel_MYSB | AE62: 361 | AF62: 278.6 | AG62: 439.6 | AH62: 340 | AI62: 340 | AJ62: 361 | AK62: 278.6 | AL62: 439.6 | AM62: 340 | AN62: 340
AD63: Gas Combined Cycle_MYSB | AE63: 1194.1 | AF63: 1194 | AG63: 1182.5 | AH63: 1182.5 | AI63: 1182.5 | AJ63: 1194.1 | AK63: 1194 | AL63: 1182.5 | AM63: 1182.5 | AN63: 1182.5
AD64: Large Hydro_MYSB | AE64: 87.6 | AF64: 99.6 | AG64: 101.8 | AH64: 101.8 | AI64: 101.8 | AJ64: 87.6 | AK64: 99.6 | AL64: 101.8 | AM64: 101.8 | AN64: 101.8
AD65: Solar PV_MYSB | AE65: 114.3 | AF65: 114.3 | AG65: 85.8 | AH65: 85.8 | AI65: 85.8 | AJ65: 114.3 | AK65: 114.3 | AL65: 85.8 | AM65: 85.8 | AN65: 85.8
AD66: Biomass Other_MYSB | AE66: 190.6 | AF66: 178.9 | AG66: 183.3 | AH66: 183.3 | AI66: 183.3 | AJ66: 190.6 | AK66: 178.9 | AL66: 183.3 | AM66: 183.3 | AN66: 183.3
AD67: Coal Subcritical_MYSR | AE67: 1104 | AF67: 1104 | AG67: 1054 | AH67: 1054 | AI67: 1054 | AJ67: 1104 | AK67: 1104 | AL67: 1054 | AM67: 1054 | AN67: 1054
AD68: Diesel_MYSR | AE68: 117.2 | AF68: 114.6 | AG68: 121.1 | AH68: 64 | AI68: 64 | AJ68: 117.2 | AK68: 114.6 | AL68: 121.1 | AM68: 64 | AN68: 64
AD69: Gas Combined Cycle_MYSR | AE69: 981 | AF69: 1394 | AG69: 1806.6 | AH69: 1706 | AI69: 1706 | AJ69: 981 | AK69: 1394 | AL69: 1806.6 | AM69: 1706 | AN69: 1706
AD70: Large Hydro_MYSR | AE70: 3459.8 | AF70: 3470.9 | AG70: 3458.2 | AH70: 3572 | AI70: 3572 | AJ70: 3459.8 | AK70: 3470.9 | AL70: 3458.2 | AM70: 3572 | AN70: 3572
AD71: Biomass Other_MYSR | AE71: 57.8 | AF71: 63.2 | AG71: 34.2 | AH71: 0 | AI71: 0 | AJ71: 57.8 | AK71: 63.2 | AL71: 34.2 | AM71: 0 | AN71: 0
AD73: Technology | AE73: Region
AD74: {=_xlfn._xlws.SORT(_xlfn._xlws.FILTER(_xlfn.ANCHORARRAY(Input_to_LEAP!AB2),NOT(ISNUMBER(SEARCH("_",_xlfn.ANCHORARRAY(Input_to_LEAP!AB2))))))} -> Biogas | AE74: {=_xlfn.LET(_xlpm.val,_xlfn._xlws.FILTER(_xlfn.ANCHORARRAY(Input_to_LEAP!$AB$2),ISNUMBER(SEARCH(AD74,_xlfn.ANCHORARRAY(Input_to_LEAP!$AB$2)))),IF(ROWS(_xlpm.val)=1,"Whole Malaysia",_xlpm.val))} -> Whole Malaysia
AD75: Biomass Other | AE75: {=_xlfn.LET(_xlpm.val,_xlfn._xlws.FILTER(_xlfn.ANCHORARRAY(Input_to_LEAP!$AB$2),ISNUMBER(SEARCH(AD75,_xlfn.ANCHORARRAY(Input_to_LEAP!$AB$2)))),IF(ROWS(_xlpm.val)=1,"Whole Malaysia",_xlfn.ARRAYTOTEXT(_xlfn.IFNA(_xlfn.TEXTAFTER(_xlpm.val,"_"),"Whole Malaysia"))))} -> Whole Malaysia, MYPE, MYSB, MYSR
AD76: Coal Subcritical | AE76: {=_xlfn.LET(_xlpm.val,_xlfn._xlws.FILTER(_xlfn.ANCHORARRAY(Input_to_LEAP!$AB$2),ISNUMBER(SEARCH(AD76,_xlfn.ANCHORARRAY(Input_to_LEAP!$AB$2)))),IF(ROWS(_xlpm.val)=1,"Whole Malaysia",_xlfn.ARRAYTOTEXT(_xlfn.IFNA(_xlfn.TEXTAFTER(_xlpm.val,"_"),"Whole Malaysia"))))} -> Whole Malaysia, MYPE, MYSR
AD77: Coal Ultrasupercritical | AE77: {=_xlfn.LET(_xlpm.val,_xlfn._xlws.FILTER(_xlfn.ANCHORARRAY(Input_to_LEAP!$AB$2),ISNUMBER(SEARCH(AD77,_xlfn.ANCHORARRAY(Input_to_LEAP!$AB$2)))),IF(ROWS(_xlpm.val)=1,"Whole Malaysia",_xlfn.ARRAYTOTEXT(_xlfn.IFNA(_xlfn.TEXTAFTER(_xlpm.val,"_"),"Whole Malaysia"))))} -> Whole Malaysia
AD78: Diesel | AE78: {=_xlfn.LET(_xlpm.val,_xlfn._xlws.FILTER(_xlfn.ANCHORARRAY(Input_to_LEAP!$AB$2),ISNUMBER(SEARCH(AD78,_xlfn.ANCHORARRAY(Input_to_LEAP!$AB$2)))),IF(ROWS(_xlpm.val)=1,"Whole Malaysia",_xlfn.ARRAYTOTEXT(_xlfn.IFNA(_xlfn.TEXTAFTER(_xlpm.val,"_"),"Whole Malaysia"))))} -> Whole Malaysia, MYPE, MYSB, MYSR
AD79: Gas Combined Cycle | AE79: {=_xlfn.LET(_xlpm.val,_xlfn._xlws.FILTER(_xlfn.ANCHORARRAY(Input_to_LEAP!$AB$2),ISNUMBER(SEARCH(AD79,_xlfn.ANCHORARRAY(Input_to_LEAP!$AB$2)))),IF(ROWS(_xlpm.val)=1,"Whole Malaysia",_xlfn.ARRAYTOTEXT(_xlfn.IFNA(_xlfn.TEXTAFTER(_xlpm.val,"_"),"Whole Malaysia"))))} -> Whole Malaysia, MYPE, MYSB, MYSR
AD80: Large Hydro | AE80: {=_xlfn.LET(_xlpm.val,_xlfn._xlws.FILTER(_xlfn.ANCHORARRAY(Input_to_LEAP!$AB$2),ISNUMBER(SEARCH(AD80,_xlfn.ANCHORARRAY(Input_to_LEAP!$AB$2)))),IF(ROWS(_xlpm.val)=1,"Whole Malaysia",_xlfn.ARRAYTOTEXT(_xlfn.IFNA(_xlfn.TEXTAFTER(_xlpm.val,"_"),"Whole Malaysia"))))} -> Whole Malaysia, MYPE, MYSB, MYSR
AD81: Solar PV | AE81: {=_xlfn.LET(_xlpm.val,_xlfn._xlws.FILTER(_xlfn.ANCHORARRAY(Input_to_LEAP!$AB$2),ISNUMBER(SEARCH(AD81,_xlfn.ANCHORARRAY(Input_to_LEAP!$AB$2)))),IF(ROWS(_xlpm.val)=1,"Whole Malaysia",_xlfn.ARRAYTOTEXT(_xlfn.IFNA(_xlfn.TEXTAFTER(_xlpm.val,"_"),"Whole Malaysia"))))} -> Whole Malaysia, MYPE, MYSB

Sheet Brunei
A1: Technology | B1: Unit | C1: 2005 | D1: 2006 | E1: 2007 | F1: 2008 | G1: 2009 | H1: 2010 | I1: 2011 | J1: 2012 | K1: 2013 | L1: 2014 | M1: 2015 | N1: 2016 | O1: 2017 | P1: 2018 | Q1: 2019 | R1: 2020 | S1: 2021 | T1: 2022 | U1: 2023 | V1: 2024
A2: Coal Subcritical | B2: MW
A3: Coal Supercritical | B3: MW
A4: Coal Ultrasupercritical (USC) | B4: MW
A5: Coal with CCS | B5: MW
A6: Coal based IGCC | B6: MW | Q6: 254 | R6: 254 | S6: 254 | T6: 254 | U6: 254 | V6: 254
A7: Coal based IGCC with CCS | B7: MW
A8: Oil based Gas Turbine | B8: MW
A9: Diesel Oil | B9: MW | C9: 13.5 | D9: 13.5 | E9: 13.5 | F9: 13.5 | G9: 13.5 | H9: 15 | I9: 14 | J9: 14 | K9: 14 | L9: 14 | M9: 12 | N9: 12 | O9: 12 | P9: 12 | Q9: 12 | R9: 12 | S9: 15 | T9: 15 | U9: 15 | V9: 15
A10: Fuel Oil (Heavy Oil) | B10: MW
A11: Other IGCC | B11: MW
A12: Natural gas based Gas Turbine | B12: MW | C12: 567.43 | D12: 566.97 | E12: 566.59 | F12: 569.04 | G12: 569.71 | H12: 576.95 | I12: 583.95 | J12: 605.95 | K12: 607.49 | L12: 610.39 | M12: 613.99 | N12: 613.99 | O12: 613.99 | P12: 613.73 | Q12: 627.73 | R12: 627.73 | S12: 669.43 | T12: 669.43 | U12: 669.43 | V12: 669.43
A13: Natural gas based IGCC | B13: MW
A14: Combined Cycle Gas Turbine | B14: MW | C14: 180 | D14: 180 | E14: 296 | F14: 296 | G14: 296 | H14: 296 | I14: 296 | J14: 296 | K14: 296 | L14: 296 | M14: 296 | N14: 331 | O14: 366 | P14: 366 | Q14: 366 | R14: 366 | S14: 366 | T14: 366 | U14: 366 | V14: 366
A15: Large Hydro | B15: MW
A16: Small Hydro | B16: MW
A17: Pumped Hydro Storage | B17: MW
A18: Nuclear | B18: MW
A19: Geothermal | B19: MW
A20: Solar PV | B20: MW | H20: 1 | I20: 1 | J20: 1 | K20: 1 | L20: 1 | M20: 1 | N20: 1 | O20: 1 | P20: 1.2 | Q20: 1.2 | R20: 1.2 | S20: 4.5 | T20: 4.5 | U20: 4.5 | V20: 6.8
A21: Solar Thermal | B21: MW
A22: Ocean | B22: MW
A23: Wind Turbine | B23: MW
A24: Biomass Other | B24: MW
A25: Biomass Gasification | B25: MW
A26: Biomass Gasification with CCS | B26: MW
A27: Biodiesel | B27: MW
A28: Fuel Cell (Hydrogen) | B28: MW
A29: Biogas | B29: MW
A30: Battery | B30: MW
A31: Others | B31: MW
A32: Gas Engine | B32: MW
A33: Waste to Energy | B33: MW
A34: Total | B34: MW | C34: 760.93 | D34: 760.47 | E34: 876.09 | F34: 878.54 | G34: 879.21 | H34: 888.95 | I34: 894.95 | J34: 916.95 | K34: 918.49 | L34: 921.39 | M34: 922.99 | N34: 957.99 | O34: 992.99 | P34: 992.93 | Q34: 1260.93 | R34: 1260.93 | S34: 1308.93 | T34: 1308.93 | U34: 1308.93 | V34: 1311.23
C36: {=_xlfn.LET(_xlpm.table,Brunei[],PRODUCT(--(_xlfn.BYCOL(_xlfn.DROP(_xlpm.table,-1,2),_xleta.SUM)=_xlfn.TAKE(_xlfn.DROP(_xlpm.table,,2),-1))))} -> 1

Sheet Cambodia
A1: Technology | B1: Unit | C1: 2005 | D1: 2006 | E1: 2007 | F1: 2008 | G1: 2009 | H1: 2010 | I1: 2011 | J1: 2012 | K1: 2013 | L1: 2014 | M1: 2015 | N1: 2016 | O1: 2017 | P1: 2018 | Q1: 2019 | R1: 2020 | S1: 2021 | T1: 2022 | U1: 2023 | V1: 2024
A2: Coal Subcritical | B2: MW | C2: 0 | D2: 0 | E2: 0 | F2: 13 | G2: 13 | H2: 13 | I2: 13 | J2: 13 | K2: 113 | L2: 268 | M2: 403 | N2: 429.2 | O2: 538 | P2: 551 | Q2: 709 | R2: 675 | S2: 675 | T2: 1025 | U2: 1300 | V2: 1300
A3: Coal Supercritical | B3: MW | C3: 0 | D3: 0 | E3: 0 | F3: 0 | G3: 0 | H3: 0 | I3: 0 | J3: 0 | K3: 0 | L3: 0 | M3: 0 | N3: 0 | O3: 0 | P3: 0 | Q3: 0 | R3: 0
A4: Coal Ultrasupercritical (USC) | B4: MW | C4: 0 | D4: 0 | E4: 0 | F4: 0 | G4: 0 | H4: 0 | I4: 0 | J4: 0 | K4: 0 | L4: 0 | M4: 0 | N4: 0 | O4: 0 | P4: 0 | Q4: 0 | R4: 0
A5: Coal with CCS | B5: MW
A6: Coal based IGCC | B6: MW
A7: Coal based IGCC with CCS | B7: MW
A8: Oil based Gas Turbine | B8: MW
A9: Diesel Oil | B9: MW | C9: 20 | D9: 20 | E9: 35 | F9: 43 | G9: 38 | H9: 39 | I9: 57 | J9: 54 | K9: 59 | L9: 34 | M9: 40 | N9: 40 | O9: 13 | P9: 0 | Q9: 0 | R9: 0 | S9: 0 | T9: 0 | U9: 0 | V9: 0
A10: Fuel Oil (Heavy Oil) | B10: MW | C10: 199 | D10: 262 | E10: 262 | F10: 310 | G10: 302 | H10: 289 | I10: 285 | J10: 267 | K10: 266 | L10: 257 | M10: 218 | N10: 274 | O10: 251 | P10: 267 | Q10: 270 | R10: 659 | S10: 619.6 | T10: 642.6 | U10: 400 | V10: 400
A11: Other IGCC | B11: MW
A12: Natural gas based Gas Turbine | B12: MW | C12: 0 | D12: 0 | E12: 0 | F12: 0 | G12: 0 | H12: 0 | I12: 0 | J12: 0 | K12: 0 | L12: 0 | M12: 0 | N12: 0 | O12: 0 | P12: 0 | Q12: 0 | R12: 0
A13: Natural gas based IGCC | B13: MW
A14: Combined Cycle Gas Turbine | B14: MW | C14: 0 | D14: 0 | E14: 0 | F14: 0 | G14: 0 | H14: 0 | I14: 0 | J14: 0 | K14: 0 | L14: 0 | M14: 0 | N14: 0 | O14: 0 | P14: 0 | Q14: 0 | R14: 0
A15: Large Hydro | B15: MW | C15: 12.96 | D15: 12.96 | E15: 12.96 | F15: 13.386 | G15: 13.35 | H15: 13.33 | I15: 207.06 | J15: 225.43 | K15: 682.1 | L15: 682.1 | M15: 927 | N15: 929.7 | O15: 979.7 | P15: 1330 | Q15: 1330 | R15: 1330 | S15: 1329.7 | T15: 1331.7 | U15: 1791 | V15: 1796
A16: Small Hydro | B16: MW
A17: Pumped Hydro Storage | B17: MW
A18: Nuclear | B18: MW
A19: Geothermal | B19: MW | C19: 0 | D19: 0 | E19: 0 | F19: 0 | G19: 0 | H19: 0 | I19: 0 | J19: 0 | K19: 0 | L19: 0 | M19: 0 | N19: 0 | O19: 0 | P19: 0 | Q19: 0 | R19: 0
A20: Solar PV | B20: MW | C20: 0 | D20: 0 | E20: 0 | F20: 0 | G20: 0 | H20: 0 | I20: 0 | J20: 0 | K20: 0 | L20: 0 | M20: 0 | N20: 0 | O20: 10 | P20: 10 | Q20: 105 | R20: 297 | S20: 356.8 | T20: 436.8 | U20: 437 | V20: 966
A21: Solar Thermal | B21: MW
A22: Ocean | B22: MW
A23: Wind Turbine | B23: MW | C23: 0 | D23: 0 | E23: 0 | F23: 0 | G23: 0 | H23: 0 | I23: 0 | J23: 0 | K23: 0 | L23: 0 | M23: 0 | N23: 0 | O23: 0 | P23: 0 | Q23: 0 | R23: 0
A24: Biomass Other | B24: MW | C24: 0.102 | D24: 4.512 | E24: 4.602 | F24: 5.092 | G24: 5.776 | H24: 5.776 | I24: 6.5 | J24: 22.5 | K24: 22.5 | L24: 22.64 | M24: 16.57 | N24: 51.27 | O24: 64.77 | P24: 29 | Q24: 29 | R24: 29 | S24: 28.57 | T24: 28.57 | U24: 49 | V24: 49
A25: Biomass Gasification | B25: MW
A26: Biomass Gasification with CCS | B26: MW
A27: Biodiesel | B27: MW
A28: Fuel Cell (Hydrogen) | B28: MW
A29: Biogas | B29: MW | C29: 0 | D29: 0 | E29: 0 | F29: 0 | G29: 0 | H29: 0 | I29: 0 | J29: 0 | K29: 0 | L29: 0 | M29: 0 | N29: 0 | O29: 0 | P29: 0 | Q29: 0 | R29: 0
A30: Battery | B30: MW
A31: Others | B31: MW
A32: Gas Engine | B32: MW
A33: Waste to Energy | B33: MW
A34: Total | B34: MW | C34: 232.062 | D34: 299.472 | E34: 314.562 | F34: 384.478 | G34: 372.126 | H34: 360.106 | I34: 568.56 | J34: 581.93 | K34: 1142.6 | L34: 1263.74 | M34: 1604.57 | N34: 1724.17 | O34: 1856.47 | P34: 2187 | Q34: 2443 | R34: 2990 | S34: 3009.67 | T34: 3464.67 | U34: 3977 | V34: 4511
C36: {=_xlfn.LET(_xlpm.table,Cambodia[],PRODUCT(--(_xlfn.BYCOL(_xlfn.DROP(_xlpm.table,-1,2),_xleta.SUM)=_xlfn.TAKE(_xlfn.DROP(_xlpm.table,,2),-1))))} -> 1

Sheet Indonesia
A1: Technology | B1: Unit | C1: 2005 | D1: 2006 | E1: 2007 | F1: 2008 | G1: 2009 | H1: 2010 | I1: 2011 | J1: 2012 | K1: 2013 | L1: 2014 | M1: 2015 | N1: 2016 | O1: 2017 | P1: 2018 | Q1: 2019 | R1: 2020 | S1: 2021 | T1: 2022 | U1: 2023 | V1: 2024
A2: Coal Subcritical | B2: MW | C2: 9750 | D2: 11170 | E2: 12014 | F2: 12294 | G2: 12594 | H2: 12981.5 | I2: 16359 | J2: 16805 | K2: 20868.53 | L2: 22160.23 | M2: 24285.73 | N2: 24388.23 | O2: 23396.2 | P2: 28178.17 | Q2: 31328.17 | R2: 33258.86 | S2: 33627.36 | T2: 42605.26 | U2: 46347.37 | V2: 50929.84
A3: Coal Supercritical | B3: MW | C3: 0 | D3: 0 | E3: 0 | F3: 0 | G3: 0 | H3: 0 | I3: 0 | J3: 1475 | K3: 1475 | L3: 1475 | M3: 1475 | N3: 2749 | O3: 3409 | P3: 3409 | Q3: 3409 | R3: 3409 | S3: 3409 | T3: 3409 | U3: 3409 | V3: 3409
A4: Coal Ultrasupercritical (USC) | B4: MW | C4: 0 | D4: 0 | E4: 0 | F4: 0 | G4: 0 | H4: 0 | I4: 0 | J4: 0 | K4: 0 | L4: 0 | M4: 0 | N4: 0 | O4: 0 | P4: 0 | Q4: 0 | R4: 0 | S4: 0 | T4: 0 | U4: 0 | V4: 0
A5: Coal with CCS | B5: MW | P5: 0 | Q5: 0 | R5: 0 | S5: 0 | T5: 0 | U5: 0 | V5: 0
A6: Coal based IGCC | B6: MW | P6: 0 | Q6: 0 | R6: 0 | S6: 0 | T6: 30 | U6: 250 | V6: 450
A7: Coal based IGCC with CCS | B7: MW | P7: 0 | Q7: 0 | R7: 0 | S7: 0 | T7: 0 | U7: 0 | V7: 0
A8: Oil based Gas Turbine | B8: MW | P8: 0 | Q8: 0 | R8: 0 | S8: 0 | T8: 0 | U8: 0 | V8: 0
A9: Diesel Oil | B9: MW | C9: 3208.08 | D9: 3165.05 | E9: 3211.91 | F9: 3272.98 | G9: 3256.36 | H9: 4569.89 | I9: 5471.93 | J9: 5973.58 | K9: 5935 | L9: 6206.99 | M9: 6274.79 | N9: 6274.79 | O9: 6278.79 | P9: 4630.9 | Q9: 4779.68 | R9: 4863.53 | S9: 4986.58 | T9: 4352.09 | U9: 4638.31 | V9: 5819.28
A10: Fuel Oil (Heavy Oil) | B10: MW | C10: 0 | D10: 0 | E10: 0 | F10: 0 | G10: 0 | H10: 0 | I10: 0 | J10: 0 | K10: 0 | L10: 0 | M10: 0 | N10: 0 | O10: 0 | P10: 0 | Q10: 0 | R10: 0 | S10: 0 | T10: 0 | U10: 0 | V10: 0
A11: Other IGCC | B11: MW | P11: 0 | Q11: 0 | R11: 0 | S11: 0 | T11: 0 | U11: 0 | V11: 0
A12: Natural gas based Gas Turbine | B12: MW | C12: 3099.35 | D12: 3102.95 | E12: 3220.176 | F12: 3068.973 | G12: 3135.877 | H12: 3821.567 | I12: 4236.021 | J12: 4343.821 | K12: 4389.086 | L12: 4310.498 | M12: 4310.498 | N12: 4420.5 | O12: 4420.498 | P12: 5348.44 | Q12: 5348.44 | R12: 5348.44 | S12: 5348.44 | T12: 4456.74 | U12: 4453.27 | V12: 4477.66
A13: Natural gas based IGCC | B13: MW | P13: 0 | Q13: 0 | R13: 0 | S13: 0 | T13: 0 | U13: 0 | V13: 0
A14: Combined Cycle Gas Turbine | B14: MW | C14: 6919.97 | D14: 7659.97 | E14: 7699.97 | F14: 8009.97 | G14: 8009.97 | H14: 7590.32 | I14: 8480.97 | J14: 9461.11 | K14: 9852.21 | L14: 10146.11 | M14: 10146.11 | N14: 10146.11 | O14: 10146.11 | P14: 11220.1 | Q14: 11669.54 | R14: 12235.71 | S14: 12411.51 | T14: 13397.82 | U14: 16065.76 | V14: 18798.41
A15: Large Hydro | B15: MW | C15: 3410.94 | D15: 3719.19 | E15: 3694.62 | F15: 3697.52 | G15: 3701.67 | H15: 3733.91 | I15: 3944.42 | J15: 4146.41 | K15: 5165.61 | L15: 5229.39 | M15: 5260.69 | N15: 5382.39 | O15: 5450.14 | P15: 5399.59 | Q15: 5558.52 | R15: 5638.67 | S15: 5988.67 | T15: 5988.67 | U15: 5610.07 | V15: 6047.16
A16: Small Hydro | B16: MW | C16: 0 | D16: 0 | E16: 0 | F16: 0 | G16: 0 | H16: 0 | I16: 0 | J16: 0 | K16: 0 | L16: 0 | M16: 0 | N16: 0 | O16: 0 | P16: 372.56 | Q16: 417.51 | R16: 482.21 | S16: 613.08 | T16: 700.35 | U16: 959.57 | V16: 1005.31
A17: Pumped Hydro Storage | B17: MW | P17: 0 | Q17: 0 | R17: 0 | S17: 0 | T17: 0 | U17: 0 | V17: 0
A18: Nuclear | B18: MW | P18: 0 | Q18: 0 | R18: 0 | S18: 0 | T18: 0 | U18: 0 | V18: 0
A19: Geothermal | B19: MW | C19: 850 | D19: 850 | E19: 980 | F19: 1052 | G19: 1189 | H19: 1189 | I19: 1226 | J19: 1336 | K19: 1343.5 | L19: 1403.5 | M19: 1438.5 | N19: 1643.5 | O19: 1808.3 | P19: 1948.3 | Q19: 2130.7 | R19: 2130.7 | S19: 2286.05 | T19: 2360.33 | U19: 2597.51 | V19: 2638.76
A20: Solar PV | B20: MW | C20: 0 | D20: 0 | E20: 0 | F20: 0 | G20: 0 | H20: 0.19 | I20: 1.2 | J20: 4.1 | K20: 9 | L20: 9 | M20: 36.9 | N20: 46.7 | O20: 54.5 | P20: 60.19 | Q20: 145.81 | R20: 147.29 | S20: 201.09 | T20: 283.14 | U20: 599.97 | V20: 909.43
A21: Solar Thermal | B21: MW | P21: 0 | Q21: 0 | R21: 0 | S21: 0 | T21: 0 | U21: 0 | V21: 0
A22: Ocean | B22: MW | P22: 0 | Q22: 0 | R22: 0 | S22: 0 | T22: 0 | U22: 0 | V22: 0
A23: Wind Turbine | B23: MW | C23: 0 | D23: 0 | E23: 0.1 | F23: 0.26 | G23: 1.06 | H23: 0.34 | I23: 0.93 | J23: 0.93 | K23: 0.63 | L23: 1.12 | M23: 1.12 | N23: 1.12 | O23: 1.12 | P23: 143.51 | Q23: 154.31 | R23: 154.31 | S23: 154.31 | T23: 154.31 | U23: 152.3 | V23: 152.3
A24: Biomass Other | B24: MW | C24: 0 | D24: 0 | E24: 0 | F24: 0 | G24: 0 | H24: 0 | I24: 0 | J24: 0 | K24: 0 | L24: 0 | M24: 0 | N24: 0 | O24: 0.9 | P24: 1762.12 | Q24: 1767.12 | R24: 1770.62 | S24: 2124.74 | T24: 2925.05 | U24: 3201.01 | V24: 2906.36
A25: Biomass Gasification | B25: MW | P25: 0 | Q25: 0 | R25: 0 | S25: 0 | T25: 0 | U25: 0 | V25: 0
A26: Biomass Gasification with CCS | B26: MW | P26: 0 | Q26: 0 | R26: 0 | S26: 0 | T26: 0 | U26: 0 | V26: 0
A27: Biodiesel | B27: MW | P27: 0 | Q27: 0 | R27: 0 | S27: 0 | T27: 0 | U27: 0 | V27: 0
A28: Fuel Cell (Hydrogen) | B28: MW | P28: 0 | Q28: 0 | R28: 0 | S28: 0 | T28: 0 | U28: 0 | V28: 0
A29: Biogas | B29: MW | C29: 0 | D29: 0 | E29: 0 | F29: 0 | G29: 0 | H29: 0 | I29: 0 | J29: 0 | K29: 0 | L29: 0 | M29: 0 | N29: 0 | O29: 12.8 | P29: 108.61 | Q29: 112.41 | R29: 117.82 | S29: 134.79 | T29: 149.41 | U29: 155.93 | V29: 157.25
A30: Battery | B30: MW | P30: 0 | Q30: 0 | R30: 0 | S30: 0 | T30: 0 | U30: 0 | V30: 0
A31: Others | B31: MW | P31: 0 | Q31: 0 | R31: 0 | S31: 0 | T31: 0 | U31: 0 | V31: 18
A32: Gas Engine | B32: MW | C32: 3 | D32: 21 | E32: 33 | F32: 66.84 | G32: 71 | H32: 92.84 | I32: 169.54 | J32: 198.74 | K32: 448.12 | L32: 610.741 | M32: 818.741 | N32: 1852.74 | O32: 2406.971 | P32: 2357.66 | Q32: 2842.03 | R32: 3177.93 | S32: 3218.87 | T32: 2976.47 | U32: 2689.32 | V32: 2889.82
A33: Waste to Energy | B33: MW | C33: 0 | D33: 0 | E33: 0 | F33: 0 | G33: 0 | H33: 0 | I33: 26 | J33: 26 | K33: 26 | L33: 36 | M33: 15.65 | N33: 15.65 | O33: 15.65 | P33: 15.65 | Q33: 15.65 | R33: 15.65 | S33: 28.45 | T33: 24.45 | U33: 36.47 | V33: 36.47
A34: Total | B34: MW | C34: 27241.34 | D34: 29688.16 | E34: 30853.776 | F34: 31462.543 | G34: 31958.937 | H34: 33979.557 | I34: 39916.011 | J34: 43770.691 | K34: 49512.686 | L34: 51588.579 | M34: 54063.729 | N34: 56920.73 | O34: 57400.979 | P34: 64954.8 | Q34: 69678.89 | R34: 72750.74 | S34: 74532.94 | T34: 83813.09 | U34: 91165.86 | V34: 100645.05
C36: {=_xlfn.LET(_xlpm.table,Indonesia[],PRODUCT(--(_xlfn.BYCOL(_xlfn.DROP(_xlpm.table,-1,2),_xleta.SUM)=_xlfn.TAKE(_xlfn.DROP(_xlpm.table,,2),-1))))} -> 1

Sheet Laos
A1: Technology | B1: Unit | C1: 2005 | D1: 2006 | E1: 2007 | F1: 2008 | G1: 2009 | H1: 2010 | I1: 2011 | J1: 2012 | K1: 2013 | L1: 2014 | M1: 2015 | N1: 2016 | O1: 2017 | P1: 2018 | Q1: 2019 | R1: 2020 | S1: 2021 | T1: 2022 | U1: 2023 | V1: 2024
A2: Coal Subcritical | B2: MW | C2: 0 | D2: 0 | E2: 0 | F2: 0 | G2: 0 | H2: 0 | I2: 0 | J2: 0 | K2: 0 | L2: 0 | M2: 1878 | N2: 1878 | O2: 1878 | P2: 1878 | Q2: 1878 | R2: 1878 | S2: 1878 | T2: 1878 | U2: 1878 | V2: 1878
A3: Coal Supercritical | B3: MW | C3: 0 | D3: 0 | E3: 0 | F3: 0 | G3: 0 | H3: 0 | I3: 0 | J3: 0 | K3: 0 | L3: 0 | M3: 0 | N3: 0 | O3: 0 | P3: 0 | Q3: 0 | R3: 0 | S3: 0 | T3: 0 | U3: 0 | V3: 0
A4: Coal Ultrasupercritical (USC) | B4: MW | C4: 0 | D4: 0 | E4: 0 | F4: 0 | G4: 0 | H4: 0 | I4: 0 | J4: 0 | K4: 0 | L4: 0 | M4: 0 | N4: 0 | O4: 0 | P4: 0 | Q4: 0 | R4: 0 | S4: 0 | T4: 0 | U4: 0 | V4: 0
A5: Coal with CCS | B5: MW
A6: Coal based IGCC | B6: MW
A7: Coal based IGCC with CCS | B7: MW
A8: Oil based Gas Turbine | B8: MW
A9: Diesel Oil | B9: MW | C9: 0 | D9: 0 | E9: 0 | F9: 0 | G9: 0 | H9: 0 | I9: 0 | J9: 0 | K9: 0 | L9: 0 | M9: 0 | N9: 0 | O9: 0 | P9: 0 | Q9: 0 | R9: 0 | S9: 0 | T9: 0 | U9: 0 | V9: 0
A10: Fuel Oil (Heavy Oil) | B10: MW
A11: Other IGCC | B11: MW
A12: Natural gas based Gas Turbine | B12: MW
A13: Natural gas based IGCC | B13: MW
A14: Combined Cycle Gas Turbine | B14: MW | C14: 0 | D14: 0 | E14: 0 | F14: 0 | G14: 0 | H14: 0 | I14: 0 | J14: 0 | K14: 0 | L14: 0 | M14: 0 | N14: 0 | O14: 0 | P14: 0 | Q14: 0 | R14: 0 | S14: 0 | T14: 0 | U14: 0 | V14: 0
A15: Large Hydro | B15: MW | C15: 639.5 | D15: 639.5 | E15: 639.5 | F15: 639.5 | G15: 755.5 | H15: 1930.5 | I15: 1936.45 | J15: 2680.65 | K15: 2980.95 | L15: 3293.95 | M15: 3736.95 | N15: 4516 | O15: 5172 | P15: 5472 | Q15: 7844 | R15: 8456.14 | S15: 8910.14 | T15: 9040 | U15: 10152.64 | V15: 10162.84
A16: Small Hydro | B16: MW
A17: Pumped Hydro Storage | B17: MW
A18: Nuclear | B18: MW
A19: Geothermal | B19: MW | C19: 0 | D19: 0 | E19: 0 | F19: 0 | G19: 0 | H19: 0 | I19: 0 | J19: 0 | K19: 0 | L19: 0 | M19: 0 | N19: 0 | O19: 0 | P19: 0 | Q19: 0 | R19: 0 | S19: 0 | T19: 0 | U19: 0 | V19: 0
A20: Solar PV | B20: MW | C20: 0.3 | D20: 0.3 | E20: 0.3 | F20: 0.3 | G20: 0.41 | H20: 0.47 | I20: 0.45 | J20: 0.5 | K20: 0.59 | L20: 0.59 | M20: 0.81 | N20: 1.05 | O20: 11.03 | P20: 32.442 | Q20: 32.442 | R20: 56 | S20: 56 | T20: 56 | U20: 83 | V20: 83
A21: Solar Thermal | B21: MW
A22: Ocean | B22: MW
A23: Wind Turbine | B23: MW | C23: 0 | D23: 0 | E23: 0 | F23: 0 | G23: 0 | H23: 0 | I23: 0 | J23: 0 | K23: 0 | L23: 0 | M23: 0 | N23: 0 | O23: 0 | P23: 0 | Q23: 0 | R23: 0 | S23: 0 | T23: 0 | U23: 0 | V23: 0
A24: Biomass Other | B24: MW | C24: 0 | D24: 0 | E24: 0 | F24: 0 | G24: 0 | H24: 0 | I24: 0 | J24: 0 | K24: 1 | L24: 5 | M24: 40 | N24: 25 | O24: 25 | P24: 40 | Q24: 42.79 | R24: 42.79 | S24: 43 | T24: 43 | U24: 112 | V24: 112
A25: Biomass Gasification | B25: MW
A26: Biomass Gasification with CCS | B26: MW
A27: Biodiesel | B27: MW
A28: Fuel Cell (Hydrogen) | B28: MW
A29: Biogas | B29: MW | C29: 0 | D29: 0 | E29: 0 | F29: 0 | G29: 0 | H29: 0 | I29: 0 | J29: 0 | K29: 0 | L29: 0 | M29: 0 | N29: 0 | O29: 0 | P29: 0 | Q29: 0 | R29: 0 | S29: 0 | T29: 0 | U29: 0 | V29: 0
A30: Battery | B30: MW
A31: Others | B31: MW
A32: Total | B32: MW | C32: 639.8 | D32: 639.8 | E32: 639.8 | F32: 639.8 | G32: 755.91 | H32: 1930.97 | I32: 1936.9 | J32: 2681.15 | K32: 2982.54 | L32: 3299.54 | M32: 5655.76 | N32: 6420.05 | O32: 7086.03 | P32: 7422.442 | Q32: 9797.232 | R32: 10432.93 | S32: 10887.14 | T32: 11017 | U32: 12225.64 | V32: 12235.84

Sheet Malaysia
A1: Technology | B1: Unit | C1: 2005 | D1: 2006 | E1: 2007 | F1: 2008 | G1: 2009 | H1: 2010 | I1: 2011 | J1: 2012 | K1: 2013 | L1: 2014 | M1: 2015 | N1: 2016 | O1: 2017 | P1: 2018 | Q1: 2019 | R1: 2020 | S1: 2021 | T1: 2022 | U1: 2023 | V1: 2024
A2: Coal Subcritical | B2: MW | C2: 3900 | D2: 4610 | E2: 6010 | F2: 6145 | G2: 6755 | H2: 7650 | I2: 7680 | J2: 7680 | K2: 7680 | L2: 7680 | M2: 7536 | N2: 8536 | O2: 8536 | P2: 8628.2723 | Q2: 10397.635 | R2: 10752.155 | S2: 10563.563 | T2: 10658.286 | U2: 10756.8 | V2: 10756.8
A3: Coal Supercritical | B3: MW | C3: 0 | D3: 0 | E3: 0 | F3: 0 | G3: 0 | H3: 0 | I3: 0 | J3: 0 | K3: 0 | L3: 0 | M3: 0 | N3: 0 | O3: 0 | P3: 0 | Q3: 0 | R3: 0 | S3: 0 | T3: 0 | U3: 0 | V3: 0
A4: Coal Ultrasupercritical (USC) | B4: MW | C4: 0 | D4: 0 | E4: 0 | F4: 0 | G4: 0 | H4: 0 | I4: 0 | J4: 0 | K4: 0 | L4: 0 | M4: 1010 | N4: 1010 | O4: 2010 | P4: 2031.7277 | Q4: 2448.3653 | R4: 2531.8452 | S4: 2487.4369 | T4: 0 | U4: 3366.8 | V4: 3395.3
A5: Coal with CCS | B5: MW
A6: Coal based IGCC | B6: MW
A7: Coal based IGCC with CCS | B7: MW
A8: Oil based Gas Turbine | B8: MW
A9: Diesel Oil | B9: MW | C9: 818 | D9: 623 | E9: 603 | F9: 594 | G9: 659 | H9: 702 | I9: 2323 | J9: 1768 | K9: 1871 | L9: 1315.3 | M9: 1466.5 | N9: 2090.3 | O9: 1406.37 | P9: 812.5 | Q9: 813 | R9: 538.35 | S9: 351.6 | T9: 595.93 | U9: 617.11531 | V9: 648.67459
A10: Fuel Oil (Heavy Oil) | B10: MW | C10: 0 | D10: 0 | E10: 0 | F10: 0 | G10: 0 | H10: 0 | I10: 0 | J10: 0 | K10: 0 | L10: 0 | M10: 0 | N10: 0 | O10: 0 | P10: 0 | Q10: 0 | R10: 0 | S10: 0 | T10: 0 | U10: 0 | V10: 0
A11: Other IGCC | B11: MW
A12: Natural gas based Gas Turbine | B12: MW | C12: 0 | D12: 0 | E12: 0 | F12: 0 | G12: 0 | H12: 0 | I12: 0 | J12: 0 | K12: 0 | L12: 0 | M12: 0 | N12: 0 | O12: 0 | P12: 0 | Q12: 0 | R12: 0 | S12: 0 | T12: 0 | U12: 0 | V12: 0
A13: Natural gas based IGCC | B13: MW
A14: Combined Cycle Gas Turbine | B14: MW | C14: 12153 | D14: 12679 | E14: 12701 | F14: 12821 | G14: 13581 | H14: 13852 | I14: 14956 | J14: 15546 | K14: 15421 | L14: 15248 | M14: 13505.6 | N14: 14074.5 | O14: 14676.98 | P14: 14852.9 | Q14: 12362.3 | R14: 12828.66 | S14: 13351.4 | T14: 13885.456 | U14: 14440.874 | V14: 15018.509
A15: Large Hydro | B15: MW | C15: 2093 | D15: 2123 | E15: 2106 | F15: 2106 | G15: 2108 | H15: 2107 | I15: 3015 | J15: 3317 | K15: 3931 | L15: 4773.4 | M15: 5716.1 | N15: 6128.1 | O15: 6354.701 | P15: 6167.9 | Q15: 6174.45 | R15: 6188.39 | S15: 6080.82 | T15: 6209.28 | U15: 6210 | V15: 6230
A16: Small Hydro | B16: MW
A17: Pumped Hydro Storage | B17: MW
A18: Nuclear | B18: MW
A19: Geothermal | B19: MW
A20: Solar PV | B20: MW | C20: 0 | D20: 0 | E20: 0 | F20: 0 | G20: 0 | H20: 0 | I20: 0 | J20: 32.81 | K20: 74.87 | L20: 161 | M20: 226.3 | N20: 289.6 | O20: 394.91 | P20: 797.1 | Q20: 1006 | R20: 1335 | S20: 1832.15 | T20: 2423.14 | U20: 1930 | V20: 2310
A21: Solar Thermal | B21: MW
A22: Ocean | B22: MW
A23: Wind Turbine | B23: MW
A24: Biomass Other | B24: MW | C24: 468 | D24: 441 | E24: 546 | F24: 566 | G24: 1330 | H24: 50 | I24: 752 | J24: 784 | K24: 765 | L24: 728.8 | M24: 862.5 | N24: 742.4 | O24: 784.15 | P24: 573.94535 | Q24: 482.47706 | R24: 690.57649 | S24: 580.69658 | T24: 326.61 | U24: 819 | V24: 828.1
A25: Biomass Gasification | B25: MW
A26: Biomass Gasification with CCS | B26: MW
A27: Biodiesel | B27: MW
A28: Fuel Cell (Hydrogen) | B28: MW
A29: Biogas | B29: MW | C29: 0 | D29: 0 | E29: 0 | F29: 0 | G29: 0 | H29: 0 | I29: 10 | J29: 24 | K29: 24 | L29: 24 | M29: 80 | N29: 80 | O29: 80 | P29: 58.554649 | Q29: 49.222936 | R29: 70.453509 | S29: 59.243418 | T29: 148.23 | U29: 81 | V29: 81.9
A30: Battery | B30: MW
A31: Others | B31: MW
A32: Gas Engine | B32: MW
A33: Waste to Energy | B33: MW | C33: 0 | D33: 0 | E33: 0 | F33: 0 | G33: 0 | H33: 0 | I33: 0 | J33: 0 | K33: 0 | L33: 0 | M33: 0 | N33: 0 | O33: 0 | P33: 0 | Q33: 0 | R33: 0 | S33: 0 | T33: 0 | U33: 0 | V33: 0
A34: Total | B34: MW | C34: 19432 | D34: 20476 | E34: 21966 | F34: 22232 | G34: 24433 | H34: 24361 | I34: 28736 | J34: 29151.81 | K34: 29766.87 | L34: 29930.5 | M34: 30403 | N34: 32950.9 | O34: 34243.111 | P34: 33922.9 | Q34: 33733.45 | R34: 34935.43 | S34: 35306.91 | T34: 34246.932 | U34: 38221.59 | V34: 39269.284

Sheet Myanmar
A1: Technology | B1: Unit | C1: 2005 | D1: 2006 | E1: 2007 | F1: 2008 | G1: 2009 | H1: 2010 | I1: 2011 | J1: 2012 | K1: 2013 | L1: 2014 | M1: 2015 | N1: 2016 | O1: 2017 | P1: 2018 | Q1: 2019 | R1: 2020 | S1: 2021 | T1: 2022 | U1: 2023 | V1: 2024
A2: Coal Subcritical | B2: MW | C2: 120 | D2: 120 | E2: 120 | F2: 120 | G2: 120 | H2: 120 | I2: 120 | J2: 120 | K2: 120 | L2: 120 | M2: 120 | N2: 120 | O2: 120 | P2: 120 | Q2: 120 | R2: 120 | S2: 120 | T2: 138 | U2: 190 | V2: 190
A3: Coal Supercritical | B3: MW | C3: 0 | D3: 0 | E3: 0 | F3: 0 | G3: 0 | H3: 0 | I3: 0 | J3: 0 | K3: 0 | L3: 0 | M3: 0 | N3: 0 | O3: 0 | P3: 0 | Q3: 0 | R3: 0 | S3: 0 | T3: 0 | U3: 0 | V3: 0
A4: Coal Ultrasupercritical (USC) | B4: MW | C4: 0 | D4: 0 | E4: 0 | F4: 0 | G4: 0 | H4: 0 | I4: 0 | J4: 0 | K4: 0 | L4: 0 | M4: 0 | N4: 0 | O4: 0 | P4: 0 | Q4: 0 | R4: 0 | S4: 0 | T4: 0 | U4: 0 | V4: 0
A5: Coal with CCS | B5: MW
A6: Coal based IGCC | B6: MW
A7: Coal based IGCC with CCS | B7: MW
A8: Oil based Gas Turbine | B8: MW
A9: Diesel Oil | B9: MW | C9: 68 | D9: 70 | E9: 70 | F9: 57 | G9: 55 | H9: 63.02 | I9: 63.02 | J9: 78 | K9: 85.14 | L9: 89.2 | M9: 94.98 | N9: 94.3 | O9: 91.9 | P9: 25 | Q9: 25 | R9: 116 | S9: 116.739 | T9: 180.739 | U9: 180.739 | V9: 180.739
A10: Fuel Oil (Heavy Oil) | B10: MW
A11: Other IGCC | B11: MW
A12: Natural gas based Gas Turbine (37%) | B12: MW | C12: 285.3 | D12: 252.3 | E12: 253.3 | F12: 253.3 | G12: 244.3 | H12: 244.2 | I12: 244.2 | J12: 244.3 | K12: 385.27 | L12: 577.99 | M12: 785.44 | N12: 630.25 | O12: 884.65 | P12: 864.27072 | Q12: 1045.062 | R12: 2116.314 | S12: 2429.819 | T12: 2195.304 | U12: 1124.8 | V12: 1124.8
A13: Natural gas based IGCC | B13: MW
A14: Combined Cycle Gas Turbine (34%) | B14: MW | C14: 470.7 | D14: 470.7 | E14: 470.7 | F14: 470.7 | G14: 470.7 | H14: 470.7 | I14: 470.7 | J14: 470.7 | K14: 470.7 | L14: 700.7 | M14: 700.7 | N14: 700.7 | O14: 700.7 | P14: 807.94567 | Q14: 976.95472 | R14: 1174.64 | S14: 1174.64 | T14: 1333.64 | U14: 1033.6 | V14: 1033.6
A15: Natural Gas Engine (29%) | B15: MW | C15: 0 | D15: 0 | E15: 0 | F15: 0 | G15: 0 | H15: 0 | I15: 0 | J15: 0 | K15: 80.23 | L15: 132.23 | M15: 159.23 | N15: 589.55 | O15: 589.55 | P15: 679.78361 | Q15: 821.98324 | S15: 0 | T15: 0 | U15: 881.6 | V15: 881.6
A16: Large Hydro | B16: MW | C16: 746 | D16: 771 | E16: 803 | F16: 947 | G16: 1654 | H16: 2559.34 | I16: 2693.34 | J16: 2813.33 | K16: 3004 | L16: 3185.17 | M16: 3215.17 | N16: 3255.17 | O16: 3255.17 | P16: 3304 | Q16: 3304 | R16: 3225 | S16: 3225 | T16: 3225 | U16: 3270 | V16: 3270
A17: Small Hydro | B17: MW | C17: 0 | D17: 0 | E17: 0 | F17: 0 | G17: 0 | H17: 0 | I17: 0 | J17: 0 | K17: 0 | L17: 0 | M17: 0 | N17: 0 | O17: 0 | P17: 0 | Q17: 0 | R17: 37.374 | S17: 37.374 | T17: 37.374 | U17: 37.374 | V17: 37.374
A18: Pumped Hydro Storage | B18: MW
A19: Nuclear | B19: MW
A20: Geothermal | B20: MW | C20: 0 | D20: 0 | E20: 0 | F20: 0 | G20: 0 | H20: 0 | I20: 0 | J20: 0 | K20: 0 | L20: 0 | M20: 0 | N20: 0 | O20: 0 | P20: 0 | Q20: 0 | R20: 0 | S20: 0 | T20: 0 | U20: 0 | V20: 0
A21: Solar PV | B21: MW | C21: 0 | D21: 0 | E21: 0 | F21: 0 | G21: 0 | H21: 3.7 | I21: 3.7 | J21: 4.68 | K21: 0 | L21: 0 | M21: 0 | N21: 0 | O21: 0 | P21: 0 | Q21: 88 | R21: 41 | S21: 70.5 | T21: 181.169 | U21: 180 | V21: 220
A22: Solar Thermal | B22: MW
A23: Ocean | B23: MW
A24: Wind Turbine | B24: MW | C24: 0 | D24: 0 | E24: 0 | F24: 0 | G24: 0 | H24: 0.02 | I24: 0.02 | J24: 0.02 | K24: 0 | L24: 0 | M24: 0 | N24: 0 | O24: 0 | P24: 0 | Q24: 0 | R24: 0 | S24: 0 | T24: 0 | U24: 0 | V24: 0
A25: Biomass Other | B25: MW | C25: 0 | D25: 0 | E25: 0 | F25: 0 | G25: 0 | H25: 0 | I25: 0 | J25: 0 | K25: 0 | L25: 0 | M25: 0 | N25: 0 | O25: 0 | P25: 0 | Q25: 5 | R25: 0 | S25: 0 | T25: 0 | U25: 0 | V25: 0
A26: Biomass Gasification | B26: MW
A27: Biomass Gasification with CCS | B27: MW
A28: Biodiesel | B28: MW
A29: Fuel Cell (Hydrogen) | B29: MW
A30: Biogas | B30: MW | C30: 0 | D30: 0 | E30: 0 | F30: 0 | G30: 0 | H30: 0 | I30: 0 | J30: 0 | K30: 0 | L30: 0 | M30: 0 | N30: 0 | O30: 0 | P30: 0 | Q30: 0 | R30: 0 | S30: 0 | T30: 0 | U30: 0 | V30: 0
A31: Battery | B31: MW
A32: Others | B32: MW
A33: Total | B33: MW | C33: 1690 | D33: 1684 | E33: 1717 | F33: 1848 | G33: 2544 | H33: 3460.98 | I33: 3594.98 | J33: 3731.03 | K33: 4145.34 | L33: 4805.29 | M33: 5075.52 | N33: 5389.97 | O33: 5641.97 | P33: 5801 | Q33: 6386 | R33: 6830.328 | S33: 7174.072 | T33: 7291.226 | U33: 6898.113 | V33: 6938.113

Sheet Philippines
A1: Technology | B1: Unit | C1: 2005 | D1: 2006 | E1: 2007 | F1: 2008 | G1: 2009 | H1: 2010 | I1: 2011 | J1: 2012 | K1: 2013 | L1: 2014 | M1: 2015 | N1: 2016 | O1: 2017 | P1: 2018 | Q1: 2019 | R1: 2020 | S1: 2021 | T1: 2022 | U1: 2023 | V1: 2024
A2: Coal Subcritical | B2: MW | C2: 3967.1 | D2: 4177.1 | E2: 4213.1 | F2: 4213.1 | G2: 4276.6 | H2: 4866.6 | I2: 4916.6 | J2: 5568.2 | K2: 5568.2 | L2: 5708.2 | M2: 5962.95 | N2: 7418.65 | O2: 8048.95 | P2: 8843.65 | Q2: 10417.15 | R2: 10943.9 | S2: 11668.9 | T2: 12428.186 | U2: 12406.336 | V2: 13006.436
A3: Coal Supercritical | B3: MW
A4: Coal Ultrasupercritical (USC) | B4: MW
A5: Coal with CCS | B5: MW
A6: Coal based IGCC | B6: MW
A7: Coal based IGCC with CCS | B7: MW
A8: Oil based Gas Turbine | B8: MW
A9: Diesel Oil | B9: MW | C9: 3662.604 | D9: 3602.004 | E9: 3616.104 | F9: 3353.114 | G9: 3193.334 | H9: 3193.33 | I9: 2994.114 | J9: 3073.584 | K9: 3353.484 | L9: 3476.324 | M9: 3610.29 | N9: 3615.664 | O9: 4153.213 | P9: 4291.9678 | Q9: 4262.419 | R9: 4236.562 | S9: 3847.162 | T9: 3834.192 | U9: 3736.512 | V9: 3448.276
A10: Fuel Oil (Heavy Oil) | B10: MW
A11: Other IGCC | B11: MW
A12: Natural gas based Gas Turbine | B12: MW
A13: Natural gas based IGCC | B13: MW
A14: Combined Cycle Gas Turbine | B14: MW | C14: 2763 | D14: 2763 | E14: 2834 | F14: 2831 | G14: 2831 | H14: 2861 | I14: 2861 | J14: 2862 | K14: 2862.02 | L14: 2862.02 | M14: 2862.02 | N14: 3431.12 | O14: 3446.52 | P14: 3452.5 | Q14: 3452.54 | R14: 3452.54 | S14: 3452.54 | T14: 3731.588 | U14: 3731.588 | V14: 3731.588
A15: Large Hydro | B15: MW | C15: 3222.12 | D15: 3256.72 | E15: 3292.93 | F15: 3291.47 | G15: 3291.35 | H15: 3399.55 | I15: 3490.734 | J15: 3520.814 | K15: 3520.814 | L15: 3543.262 | M15: 3600.462 | N15: 3617.542 | O15: 3627.245 | P15: 3701.072 | Q15: 3759.817 | R15: 3779.307 | S15: 3752.368 | T15: 3744.845 | U15: 3799.462 | V15: 3836.027
A16: Small Hydro | B16: MW
A17: Pumped Hydro Storage | B17: MW
A18: Nuclear | B18: MW
A19: Geothermal | B19: MW | C19: 1978.31 | D19: 1978.31 | E19: 1958.38 | F19: 1958.38 | G19: 1953.24 | H19: 1965.83 | I19: 1783.25 | J19: 1847.69 | K19: 1867.69 | L19: 1917.69 | M19: 1917.19 | N19: 1915.56 | O19: 1915.83 | P19: 1943.956 | Q19: 1928.07 | R19: 1928.07 | S19: 1928.07 | T19: 1951.739 | U19: 1951.739 | V19: 1951.739
A20: Solar PV | B20: MW | C20: 1 | D20: 1 | E20: 1 | F20: 1 | G20: 1 | H20: 1 | I20: 1 | J20: 1 | K20: 1 | L20: 23 | M20: 164.67 | N20: 764.89 | O20: 885.402 | P20: 896.155 | Q20: 921.115 | R20: 1019.2524 | S20: 1317 | T20: 1529.7134 | U20: 1653.3014 | V20: 2710.166
A21: Solar Thermal | B21: MW
A22: Ocean | B22: MW
A23: Wind Turbine | B23: MW | C23: 25 | D23: 25 | E23: 25 | F23: 33 | G23: 33 | H23: 33 | I23: 33 | J23: 33 | K23: 33 | L23: 282.9 | M23: 426.9 | N23: 426.9 | O23: 426.9 | P23: 426.9 | Q23: 426.9 | R23: 442.9 | S23: 426.9 | T23: 426.9 | U23: 426.9 | V23: 426.9
A24: Biomass Other | B24: MW | C24: 30 | D24: 30 | E24: 30 | F24: 30 | G24: 30 | H24: 38 | I24: 82.762 | J24: 118.672 | K24: 118.672 | L24: 130.672 | M24: 220.672 | N24: 232.672 | O24: 223.716 | P24: 258.476 | Q24: 363.391 | R24: 483.291 | S24: 489.291 | T24: 610.831 | U24: 585.126 | V24: 595.026
A25: Biomass Gasification | B25: MW
A26: Biomass Gasification with CCS | B26: MW
A27: Biodiesel | B27: MW
A28: Fuel Cell (Hydrogen) | B28: MW
A29: Biogas | B29: MW
A30: Battery | B30: MW
A31: Others | B31: MW
A32: Total | B32: MW | C32: 15649.134 | D32: 15833.134 | E32: 15970.514 | F32: 15711.064 | G32: 15609.524 | H32: 16358.31 | I32: 16162.46 | J32: 17024.96 | K32: 17324.88 | L32: 17944.068 | M32: 18765.154 | N32: 21422.998 | O32: 22727.776 | P32: 23814.677 | Q32: 25531.402 | R32: 26285.822 | S32: 26882.231 | T32: 28257.994 | U32: 28290.964 | V32: 29706.158

Sheet Singapore
A1: Technology | B1: Unit | C1: 2005 | D1: 2006 | E1: 2007 | F1: 2008 | G1: 2009 | H1: 2010 | I1: 2011 | J1: 2012 | K1: 2013 | L1: 2014 | M1: 2015 | N1: 2016 | O1: 2017 | P1: 2018 | Q1: 2019 | R1: 2020 | S1: 2021 | T1: 2022 | U1: 2023 | V1: 2024
A2: Coal Subcritical | B2: MW | C2: 0 | D2: 0 | E2: 0 | F2: 0 | G2: 0 | H2: 0 | I2: 0 | J2: 0 | K2: 0 | L2: 0 | M2: 0 | N2: 0 | O2: 0 | P2: 0 | Q2: 0 | R2: 0 | S2: 0 | T2: 0
A3: Coal Supercritical | B3: MW | C3: 0 | D3: 0 | E3: 0 | F3: 0 | G3: 0 | H3: 0 | I3: 0 | J3: 0 | K3: 0 | L3: 0 | M3: 0 | N3: 0 | O3: 0 | P3: 0 | Q3: 0 | R3: 0 | S3: 0 | T3: 0
A4: Coal Ultrasupercritical (USC) | B4: MW | C4: 0 | D4: 0 | E4: 0 | F4: 0 | G4: 0 | H4: 0 | I4: 0 | J4: 0 | K4: 0 | L4: 0 | M4: 0 | N4: 0 | O4: 0 | P4: 0 | Q4: 0 | R4: 0 | S4: 0 | T4: 0
A5: Coal with CCS | B5: MW
A6: Coal based IGCC | B6: MW
A7: Coal based IGCC with CCS | B7: MW
A8: Oil based Gas Turbine | B8: MW
A9: Diesel Oil | B9: MW | C9: 0 | D9: 0 | E9: 0 | F9: 0 | G9: 0 | H9: 0 | I9: 0 | J9: 0 | K9: 0 | L9: 0 | M9: 0 | N9: 0 | O9: 0 | P9: 0 | Q9: 0 | R9: 0 | S9: 0 | T9: 0
A10: Fuel Oil (Heavy Oil) | B10: MW | C10: 4640 | D10: 4405 | E10: 4420 | F10: 4440 | G10: 3950 | H10: 3148 | I10: 3148 | J10: 2555 | K10: 2555 | L10: 2555 | M10: 2555 | N10: 2555 | O10: 2555 | P10: 2554.6 | Q10: 1363.6 | R10: 763.6 | S10: 763.6 | T10: 763.6
A11: Other IGCC | B11: MW
A12: Natural gas based Gas Turbine | B12: MW | C12: 287 | D12: 305 | E12: 315 | F12: 323 | G12: 408 | H12: 370 | I12: 285 | J12: 180 | K12: 180 | L12: 180 | M12: 180 | N12: 180 | O12: 180 | P12: 180 | Q12: 180 | R12: 180 | S12: 180 | T12: 180
A13: Natural gas based IGCC | B13: MW
A14: Combined Cycle Gas Turbine | B14: MW | C14: 4534 | D14: 4534 | E14: 5024 | F14: 5035 | G14: 5414 | H14: 6154 | I14: 6223 | J14: 7818 | K14: 9430 | L14: 9892 | M14: 10356 | N14: 10356 | O14: 10508 | P14: 10501.3 | Q14: 10491.41 | R14: 10491.41 | S14: 10491.41 | T14: 10491.41
A15: Large Hydro | B15: MW | C15: 0 | D15: 0 | E15: 0 | F15: 0 | G15: 0 | H15: 0 | I15: 0 | J15: 0 | K15: 0 | L15: 0 | M15: 0 | N15: 0 | O15: 0 | P15: 0 | Q15: 0 | R15: 0 | S15: 0 | T15: 0
A16: Small Hydro | B16: MW
A17: Pumped Hydro Storage | B17: MW
A18: Nuclear | B18: MW
A19: Geothermal | B19: MW | C19: 0 | D19: 0 | E19: 0 | F19: 0 | G19: 0 | H19: 0 | I19: 0 | J19: 0 | K19: 0 | L19: 0 | M19: 0 | N19: 0 | O19: 0 | P19: 0 | Q19: 0 | R19: 0 | S19: 0 | T19: 0
A20: Solar PV | B20: MW | C20: 0 | D20: 0 | E20: 0 | F20: 0.3 | G20: 1.5 | H20: 2.9 | I20: 4.6 | J20: 7.7 | K20: 11.8 | L20: 25.3 | M20: 45.7 | N20: 96.6 | O20: 151.1 | P20: 209.8 | Q20: 352.7 | R20: 431.2 | S20: 631.8 | T20: 516
A21: Solar Thermal | B21: MW
A22: Ocean | B22: MW
A23: Wind Turbine | B23: MW | C23: 0 | D23: 0 | E23: 0 | F23: 0 | G23: 0 | H23: 0 | I23: 0 | J23: 0 | K23: 0 | L23: 0 | M23: 0 | N23: 0 | O23: 0 | P23: 0 | Q23: 0 | R23: 0 | S23: 0 | T23: 0
A24: Biomass Other | B24: MW | C24: 0 | D24: 0 | E24: 0 | F24: 0 | G24: 0 | H24: 0 | I24: 0 | J24: 0 | K24: 0 | L24: 0 | M24: 0 | N24: 0 | O24: 0 | P24: 0 | Q24: 0 | R24: 0 | S24: 0 | T24: 0
A25: Biomass Gasification | B25: MW
A26: Biomass Gasification with CCS | B26: MW
A27: Biodiesel | B27: MW
A28: Fuel Cell (Hydrogen) | B28: MW
A29: Biogas | B29: MW | C29: 0 | D29: 0 | E29: 0 | F29: 0 | G29: 0 | H29: 0 | I29: 0 | J29: 0 | K29: 0 | L29: 0 | M29: 0 | N29: 0 | O29: 0 | P29: 0 | Q29: 0 | R29: 0 | S29: 0 | T29: 0
A30: Battery | B30: MW
A31: Others | B31: MW
A32: Gas Engine | B32: MW
A33: Waste to Energy | B33: MW | C33: 305.8 | D33: 305.8 | E33: 305.8 | F33: 305.8 | G33: 256.8 | H33: 256.8 | I33: 256.8 | J33: 256.8 | K33: 256.8 | L33: 256.8 | M33: 256.8 | N33: 256.8 | O33: 256.8 | P33: 256.8 | Q33: 256.8 | R33: 256.8 | S33: 256.8 | T33: 393
A34: Total | B34: MW | C34: 9766.8 | D34: 9549.8 | E34: 10064.8 | F34: 10104.1 | G34: 10030.3 | H34: 9931.7 | I34: 9917.4 | J34: 10817.5 | K34: 12433.6 | L34: 12909.1 | M34: 13393.5 | N34: 13444.4 | O34: 13650.9 | P34: 13702.5 | Q34: 12644.51 | R34: 12123.01 | S34: 12323.61 | T34: 12344.01

Sheet Thailand
A1: Technology | B1: Unit | C1: 2005 | D1: 2006 | E1: 2007 | F1: 2008 | G1: 2009 | H1: 2010 | I1: 2011 | J1: 2012 | K1: 2013 | L1: 2014 | M1: 2015 | N1: 2016 | O1: 2017 | P1: 2018 | Q1: 2019 | R1: 2020 | S1: 2021 | T1: 2022 | U1: 2023 | V1: 2024
A2: Coal Subcritical | B2: MW | C2: 3347.28 | D2: 3666.17 | E2: 5332 | F2: 5332 | G2: 5423.05 | H2: 5502.04 | I2: 5502.04 | J2: 4564 | K2: 4564 | L2: 5072 | M2: 5559 | N2: 6060 | O2: 6060 | P2: 6074 | Q2: 6114 | R2: 6077 | S2: 6067.5 | T2: 6067.5 | U2: 6140 | V2: 6140
A3: Coal Supercritical | B3: MW | C3: 0 | D3: 0 | E3: 0 | F3: 0 | G3: 0 | H3: 0 | I3: 0 | J3: 0 | K3: 0 | L3: 0 | M3: 0 | N3: 0 | O3: 0 | P3: 0 | Q3: 0 | R3: 0
A4: Coal Ultrasupercritical (USC) | B4: MW | C4: 0 | D4: 0 | E4: 0 | F4: 0 | G4: 0 | H4: 0 | I4: 0 | J4: 0 | K4: 0 | L4: 0 | M4: 0 | N4: 0 | O4: 0 | P4: 0 | Q4: 0 | R4: 0
A5: Coal with CCS | B5: MW
A6: Coal based IGCC | B6: MW
A7: Coal based IGCC with CCS | B7: MW
A8: Oil based Gas Turbine | B8: MW
A9: Diesel Oil | B9: MW | C9: 1580.71 | D9: 1527.58 | E9: 709.3 | F9: 319.19 | G9: 132.19 | H9: 209.1 | I9: 395.6 | J9: 350 | K9: 350 | L9: 370 | M9: 370 | N9: 370 | O9: 370 | P9: 370 | Q9: 369 | R9: 54.66 | S9: 58.84 | T9: 58.84
A10: Fuel Oil (Heavy Oil) | B10: MW | C10: 0 | D10: 0 | E10: 0 | F10: 0 | G10: 0 | H10: 0 | I10: 0 | J10: 0 | K10: 0 | L10: 0 | M10: 0 | N10: 0 | O10: 0 | P10: 0 | Q10: 0 | R10: 315 | S10: 315 | T10: 315
A11: Other IGCC | B11: MW
A12: Natural gas based Gas Turbine | B12: MW
A13: Natural gas based IGCC | B13: MW
A14: Combined Cycle Gas Turbine | B14: MW | C14: 17865.01 | D14: 17845.25 | E14: 18768.7 | F14: 20949.19 | G14: 21550.76 | H14: 22656.87 | I14: 21987 | J14: 21373 | K14: 24709 | L14: 24897 | M14: 25847 | N14: 27704 | O14: 28406 | P14: 28718 | Q14: 27507.7 | R14: 27960.99 | S14: 29120.99 | T14: 30925 | U14: 36110 | V14: 38060
A15: Gas Engine | B15: MW
A16: Large Hydro | B16: MW | C16: 2976 | D16: 2976 | E16: 2976 | F16: 2981 | G16: 2988 | H16: 2988 | I16: 3000 | J16: 3484 | K16: 3484 | L16: 3527 | M16: 3568 | N16: 3549 | O16: 3569 | P16: 3591 | Q16: 8042 | R16: 7048.61 | S16: 7051.77 | T16: 7580.03 | U16: 3130 | V16: 3130
A17: Small Hydro | B17: MW
A18: Pumped Hydro Storage | B18: MW | C18: 0 | D18: 0 | E18: 0 | F18: 0 | G18: 0 | H18: 0 | I18: 0 | J18: 0 | K18: 0 | L18: 0 | M18: 0 | N18: 0 | O18: 0 | P18: 0 | Q18: 0 | R18: 1000 | S18: 1000 | T18: 1000
A19: Nuclear | B19: MW
A20: Geothermal | B20: MW | C20: 0.3 | D20: 0.3 | E20: 0.3 | F20: 0.3 | G20: 0.3 | H20: 0.3 | I20: 0.3 | J20: 0.3 | K20: 0.3 | L20: 0.3 | M20: 0.3 | N20: 0.3 | O20: 0.3 | P20: 0.3 | Q20: 0 | R20: 0 | S20: 0.3 | T20: 0.3
A21: Solar PV | B21: MW | C21: 0 | D21: 0 | E21: 0 | F21: 0 | G21: 9.2 | H21: 26 | I21: 50 | J21: 87 | K21: 177 | L21: 1086 | M21: 1367 | N21: 2501 | O21: 2573 | P21: 2849 | Q21: 2853.7 | R21: 2860.48 | S21: 2904.31 | T21: 2908.53 | U21: 3300 | V21: 3380
A22: Solar Thermal | B22: MW
A23: Ocean | B23: MW
A24: Wind Turbine | B24: MW | C24: 0 | D24: 0 | E24: 0 | F24: 0 | G24: 2.5 | H24: 3.3 | I24: 0 | J24: 93 | K24: 183 | L24: 191 | M24: 202 | N24: 462 | O24: 588 | P24: 1082 | Q24: 1486 | R24: 1488.06 | S24: 1504.06 | T24: 1504.01 | U24: 1540 | V24: 1540
A25: Biomass Other | B25: MW | C25: 0 | D25: 0 | E25: 0 | F25: 0 | G25: 0 | H25: 0 | I25: 5 | J25: 72 | K25: 151 | L25: 1102 | M25: 1272 | N25: 1429 | O25: 1588 | P25: 2056 | Q25: 2120 | R25: 0 | S25: 0 | T25: 0
A26: Biomass Gasification | B26: MW | C26: 0 | D26: 0 | E26: 0 | F26: 0 | G26: 0 | H26: 0 | I26: 0 | J26: 0 | K26: 0 | L26: 0 | M26: 0 | N26: 0 | O26: 0 | P26: 0 | Q26: 0 | R26: 1930.58 | S26: 1959.18 | T26: 2024.55 | U26: 4430 | V26: 4350
A27: Biomass Gasification with CCS | B27: MW
A28: Biodiesel | B28: MW
A29: Biogas | B29: MW | C29: 0 | D29: 0 | E29: 0 | F29: 0 | G29: 0 | H29: 0 | I29: 0 | J29: 344 | K29: 353 | L29: 353 | M29: 353 | N29: 353 | O29: 353 | P29: 0 | Q29: 0 | R29: 348.73 | S29: 348.73 | T29: 310.19
A30: Waste to Energy | B30: MW | C30: 0 | D30: 0 | E30: 0 | F30: 0 | G30: 0 | H30: 0 | I30: 0 | J30: 0 | K30: 0 | L30: 0 | M30: 0 | N30: 0 | O30: 0 | P30: 0 | Q30: 0 | R30: 634.13346 | S30: 650.1263 | T30: 657.64957
A31: Fuel Cell (Hydrogen) | B31: MW
A32: Battery | B32: MW
A33: Others | B33: MW | I33: 1986.88 | J33: 2144 | K33: 2144 | L33: 2191.7 | M33: 2265.7 | N33: 2288.1 | O33: 2323.8 | P33: 2435.2 | Q33: 354
A34: Total | B34: MW | C34: 25769.3 | D34: 26015.3 | E34: 27786.3 | F34: 29581.68 | G34: 30106 | H34: 31385.61 | I34: 32926.82 | J34: 32511.3 | K34: 36115.3 | L34: 38790 | M34: 40804 | N34: 44716.4 | O34: 45831.1 | P34: 47175.5 | Q34: 48846.4 | R34: 49718.243 | S34: 50980.806 | T34: 53351.6 | U34: 54650 | V34: 56600

Sheet Vietnam
A1: Technology | B1: Unit | C1: 2005 | D1: 2006 | E1: 2007 | F1: 2008 | G1: 2009 | H1: 2010 | I1: 2011 | J1: 2012 | K1: 2013 | L1: 2014 | M1: 2015 | N1: 2016 | O1: 2017 | P1: 2018 | Q1: 2019 | R1: 2020 | S1: 2021 | T1: 2022 | U1: 2023 | V1: 2024
A2: Coal Subcritical | B2: MW | C2: 1245 | D2: 1695 | E2: 2386.25 | F2: 3077.5 | G2: 3768.75 | H2: 4460 | I2: 4460 | J2: 4900 | K2: 7053 | L2: 9759 | M2: 12540 | N2: 13790 | O2: 15590 | P2: 18945 | Q2: 20250.28 | R2: 22077 | S2: 25397 | T2: 26087 | U2: 27532 | V2: 28229
A3: Coal Supercritical | B3: MW | C3: 0 | D3: 0 | E3: 0 | F3: 0 | G3: 0 | H3: 0 | I3: 0 | J3: 0 | K3: 0 | L3: 0 | M3: 0 | N3: 0 | O3: 0
A4: Coal Ultrasupercritical (USC) | B4: MW | C4: 0 | D4: 0 | E4: 0 | F4: 0 | G4: 0 | H4: 0 | I4: 0 | J4: 0 | K4: 0 | L4: 0 | M4: 0 | N4: 0 | O4: 0
A5: Coal with CCS | B5: MW
A6: Coal based IGCC | B6: MW
A7: Coal based IGCC with CCS | B7: MW
A8: Oil based Gas Turbine | B8: MW
A9: Diesel Oil | B9: MW | C9: 198 | D9: 2144.41 | E9: 1915.308 | F9: 1686.205 | G9: 1457.103 | H9: 1228 | I9: 1228 | J9: 1228 | K9: 1228 | L9: 1154.5 | M9: 1216 | N9: 1216 | O9: 1216 | P9: 1579 | Q9: 1579 | R9: 1603 | S9: 1603 | T9: 1603 | U9: 1603 | V9: 1603
A10: Fuel Oil (Heavy Oil) | B10: MW
A11: Other IGCC | B11: MW
A12: Natural gas based Gas Turbine | B12: MW
A13: Natural gas based IGCC | B13: MW
A14: Combined Cycle Gas Turbine | B14: MW | C14: 2939 | D14: 3297.4 | E14: 4385.55 | F14: 5473.7 | G14: 6561.85 | H14: 7650 | I14: 7650 | J14: 7650 | K14: 7650 | L14: 7345.15 | M14: 7144 | N14: 7144 | O14: 7144 | P14: 7446 | Q14: 7483 | R14: 7422 | S14: 7422 | T14: 7422 | U14: 7422 | V14: 7422
A15: Large Hydro | B15: MW | C15: 4155 | D15: 4401.33 | E15: 5345.998 | F15: 6290.665 | G15: 7235.333 | H15: 8180 | I15: 10165 | J15: 12643 | K15: 14661 | L15: 15702.1 | M15: 15808 | N15: 17713 | O15: 18112 | P15: 20170 | Q15: 20250 | R15: 20859 | S15: 22111 | T15: 22999 | U15: 23511 | V15: 24190
A16: Small Hydro | B16: MW
A17: Pumped Hydro Storage | B17: MW
A18: Nuclear | B18: MW
A19: Geothermal | B19: MW
A20: Solar PV | B20: MW | C20: 0 | D20: 0 | E20: 0 | F20: 0 | G20: 0 | H20: 0 | I20: 0 | J20: 0 | K20: 0 | L20: 0 | M20: 0 | N20: 0 | O20: 0 | P20: 86 | Q20: 5781 | R20: 8852 | S20: 16564 | T20: 16568 | U20: 16672 | V20: 16823
A21: Solar Thermal | B21: MW
A22: Ocean | B22: MW
A23: Wind Turbine | B23: MW | C23: 0 | D23: 0 | E23: 0 | F23: 0 | G23: 0 | H23: 0 | I23: 30 | J23: 30 | K23: 46 | L23: 46 | M23: 46 | N23: 153.2 | O23: 189.2 | P23: 243 | Q23: 521 | R23: 538 | S23: 4126 | T23: 5059 | U23: 5869 | V23: 5991
A24: Biomass Other | B24: MW | C24: 16.23 | D24: 10.51 | E24: 12.71 | F24: 10.57 | G24: 12.05 | H24: 12.05 | I24: 17.7 | J24: 18.69 | K24: 17.21 | L24: 18.93 | M24: 35.16 | N24: 30 | O24: 55 | P24: 325 | Q24: 380 | R24: 325 | S24: 325 | T24: 395 | U24: 410 | V24: 439
A25: Biomass Gasification | B25: MW
A26: Biomass Gasification with CCS | B26: MW
A27: Biodiesel | B27: MW
A28: Fuel Cell (Hydrogen) | B28: MW
A29: Biogas | B29: MW | C29: 0 | D29: 0 | E29: 0 | F29: 0 | G29: 0 | H29: 0 | I29: 0 | J29: 0 | K29: 0 | L29: 0 | M29: 0 | N29: 0 | O29: 0
A30: Battery | B30: MW
A31: Others | B31: MW
A32: Gas Engine | B32: MW
A33: Waste to Energy | B33: MW | C33: 0 | D33: 0 | E33: 0 | F33: 0 | G33: 0 | H33: 0 | I33: 0 | J33: 0 | K33: 0 | L33: 0 | M33: 0 | N33: 0 | O33: 0
A34: Total | B34: MW | C34: 8553.23 | D34: 11548.65 | E34: 14045.816 | F34: 16538.64 | G34: 19035.086 | H34: 21530.05 | I34: 23550.7 | J34: 26469.69 | K34: 30655.21 | L34: 34025.68 | M34: 36789.16 | N34: 40046.2 | O34: 42306.2 | S34: 77548 | T34: 80133 | U34: 83019 | V34: 84697

Sheet Source
A1: Name | B1: Extension | C1: Date accessed | D1: Date modified | E1: Date created | F1: Folder Path
A2: Brunei_EBT Actual.xlsx | B2: .xlsx | D2: 46140.488 | E2: 45926.45 | F2: https://aseanenergy.sharepoint.com/AEDS/Working Data Structure/01. Energy Balance Table (EBT)/ACE EBT data list (EBT Actual)/
A3: Cambodia_EBT Actual.xlsx | B3: .xlsx | D3: 46140.49 | E3: 45926.45 | F3: https://aseanenergy.sharepoint.com/AEDS/Working Data Structure/01. Energy Balance Table (EBT)/ACE EBT data list (EBT Actual)/
A4: Malaysia_EBT Actual.xlsx | B4: .xlsx | D4: 46127.458 | E4: 45926.45 | F4: https://aseanenergy.sharepoint.com/AEDS/Working Data Structure/01. Energy Balance Table (EBT)/ACE EBT data list (EBT Actual)/
A5: Myanmar_EBT Actual.xlsx | B5: .xlsx | D5: 46126.699 | E5: 45926.45 | F5: https://aseanenergy.sharepoint.com/AEDS/Working Data Structure/01. Energy Balance Table (EBT)/ACE EBT data list (EBT Actual)/
A6: Laos_EBT Actual.xlsx | B6: .xlsx | D6: 46128.598 | E6: 45926.45 | F6: https://aseanenergy.sharepoint.com/AEDS/Working Data Structure/01. Energy Balance Table (EBT)/ACE EBT data list (EBT Actual)/
A7: Singapore_EBT Actual.xlsx | B7: .xlsx | D7: 46135.675 | E7: 45926.45 | F7: https://aseanenergy.sharepoint.com/AEDS/Working Data Structure/01. Energy Balance Table (EBT)/ACE EBT data list (EBT Actual)/
A8: Philippines_EBT Actual.xlsx | B8: .xlsx | D8: 46126.639 | E8: 45926.45 | F8: https://aseanenergy.sharepoint.com/AEDS/Working Data Structure/01. Energy Balance Table (EBT)/ACE EBT data list (EBT Actual)/
A9: Thailand_EBT Actual.xlsx | B9: .xlsx | D9: 46141.466 | E9: 45926.45 | F9: https://aseanenergy.sharepoint.com/AEDS/Working Data Structure/01. Energy Balance Table (EBT)/ACE EBT data list (EBT Actual)/
A10: Vietnam_EBT Actual.xlsx | B10: .xlsx | D10: 46142.444 | E10: 45926.45 | F10: https://aseanenergy.sharepoint.com/AEDS/Working Data Structure/01. Energy Balance Table (EBT)/ACE EBT data list (EBT Actual)/
A11: Indonesia_EBT Actual (updated).xlsx | B11: .xlsx | D11: 46142.455 | E11: 46044.596 | F11: https://aseanenergy.sharepoint.com/AEDS/Working Data Structure/01. Energy Balance Table (EBT)/ACE EBT data list (EBT Actual)/
A12: _Data Checking Notes_update up to 2024.docx | B12: .docx | D12: 46075.623 | E12: 46047.706 | F12: https://aseanenergy.sharepoint.com/AEDS/Working Data Structure/01. Energy Balance Table (EBT)/ACE EBT data list (EBT Actual)/
A13: Singapore_EBT Actual (Copy SES 2009-2024).xlsx | B13: .xlsx | D13: 46141.438 | E13: 46139.388 | F13: https://aseanenergy.sharepoint.com/AEDS/Working Data Structure/01. Energy Balance Table (EBT)/ACE EBT data list (EBT Actual)/
